
> @growth-engine/backend@0.1.0 dev /home/jvalenzuela/Desarollo/growth_marketing/apps/backend
> nest start --watch

[2J[3J[H[[90m21:33:08[0m] Starting compilation in watch mode...

[[90m21:33:11[0m] Found 0 errors. Watching for file changes.

[32m[Nest] 30542  - [39m24/05/2026, 21:33:12 [32m    LOG[39m [38;5;3m[NestFactory] [39m[32mStarting Nest application...[39m
[32m[Nest] 30542  - [39m24/05/2026, 21:33:12 [32m    LOG[39m [38;5;3m[InstanceLoader] [39m[32mDatabaseModule dependencies initialized[39m[38;5;3m +37ms[39m
[32m[Nest] 30542  - [39m24/05/2026, 21:33:12 [32m    LOG[39m [38;5;3m[InstanceLoader] [39m[32mPassportModule dependencies initialized[39m[38;5;3m +0ms[39m
[32m[Nest] 30542  - [39m24/05/2026, 21:33:12 [32m    LOG[39m [38;5;3m[InstanceLoader] [39m[32mConfigHostModule dependencies initialized[39m[38;5;3m +1ms[39m
[32m[Nest] 30542  - [39m24/05/2026, 21:33:12 [32m    LOG[39m [38;5;3m[InstanceLoader] [39m[32mConfigModule dependencies initialized[39m[38;5;3m +1ms[39m
[32m[Nest] 30542  - [39m24/05/2026, 21:33:12 [32m    LOG[39m [38;5;3m[InstanceLoader] [39m[32mConfigModule dependencies initialized[39m[38;5;3m +0ms[39m
[32m[Nest] 30542  - [39m24/05/2026, 21:33:12 [32m    LOG[39m [38;5;3m[InstanceLoader] [39m[32mAppModule dependencies initialized[39m[38;5;3m +4ms[39m
[32m[Nest] 30542  - [39m24/05/2026, 21:33:12 [32m    LOG[39m [38;5;3m[InstanceLoader] [39m[32mMailModule dependencies initialized[39m[38;5;3m +0ms[39m
[32m[Nest] 30542  - [39m24/05/2026, 21:33:12 [32m    LOG[39m [38;5;3m[InstanceLoader] [39m[32mJwtModule dependencies initialized[39m[38;5;3m +4ms[39m
[32m[Nest] 30542  - [39m24/05/2026, 21:33:12 [32m    LOG[39m [38;5;3m[InstanceLoader] [39m[32mThrottlerModule dependencies initialized[39m[38;5;3m +0ms[39m
[32m[Nest] 30542  - [39m24/05/2026, 21:33:12 [32m    LOG[39m [38;5;3m[InstanceLoader] [39m[32mMessagingModule dependencies initialized[39m[38;5;3m +0ms[39m
[32m[Nest] 30542  - [39m24/05/2026, 21:33:12 [32m    LOG[39m [38;5;3m[InstanceLoader] [39m[32mMessengerModule dependencies initialized[39m[38;5;3m +0ms[39m
[32m[Nest] 30542  - [39m24/05/2026, 21:33:12 [32m    LOG[39m [38;5;3m[InstanceLoader] [39m[32mFunnelsModule dependencies initialized[39m[38;5;3m +1ms[39m
[32m[Nest] 30542  - [39m24/05/2026, 21:33:12 [32m    LOG[39m [38;5;3m[InstanceLoader] [39m[32mSettingsModule dependencies initialized[39m[38;5;3m +0ms[39m
[32m[Nest] 30542  - [39m24/05/2026, 21:33:12 [32m    LOG[39m [38;5;3m[InstanceLoader] [39m[32mConversationsModule dependencies initialized[39m[38;5;3m +0ms[39m
[32m[Nest] 30542  - [39m24/05/2026, 21:33:12 [32m    LOG[39m [38;5;3m[InstanceLoader] [39m[32mAdSpendModule dependencies initialized[39m[38;5;3m +0ms[39m
[32m[Nest] 30542  - [39m24/05/2026, 21:33:12 [32m    LOG[39m [38;5;3m[InstanceLoader] [39m[32mSequencesModule dependencies initialized[39m[38;5;3m +0ms[39m
[32m[Nest] 30542  - [39m24/05/2026, 21:33:12 [32m    LOG[39m [38;5;3m[InstanceLoader] [39m[32mAdCampaignsModule dependencies initialized[39m[38;5;3m +0ms[39m
[32m[Nest] 30542  - [39m24/05/2026, 21:33:12 [32m    LOG[39m [38;5;3m[InstanceLoader] [39m[32mAdAccountsModule dependencies initialized[39m[38;5;3m +0ms[39m
[32m[Nest] 30542  - [39m24/05/2026, 21:33:12 [32m    LOG[39m [38;5;3m[InstanceLoader] [39m[32mAudienceExportsModule dependencies initialized[39m[38;5;3m +0ms[39m
[32m[Nest] 30542  - [39m24/05/2026, 21:33:12 [32m    LOG[39m [38;5;3m[InstanceLoader] [39m[32mAutomationFlowsModule dependencies initialized[39m[38;5;3m +0ms[39m
[32m[Nest] 30542  - [39m24/05/2026, 21:33:12 [32m    LOG[39m [38;5;3m[InstanceLoader] [39m[32mApiKeysModule dependencies initialized[39m[38;5;3m +0ms[39m
[32m[Nest] 30542  - [39m24/05/2026, 21:33:12 [32m    LOG[39m [38;5;3m[InstanceLoader] [39m[32mBudgetOptimizerModule dependencies initialized[39m[38;5;3m +0ms[39m
[32m[Nest] 30542  - [39m24/05/2026, 21:33:12 [32m    LOG[39m [38;5;3m[InstanceLoader] [39m[32mAuditModule dependencies initialized[39m[38;5;3m +0ms[39m
[32m[Nest] 30542  - [39m24/05/2026, 21:33:12 [32m    LOG[39m [38;5;3m[InstanceLoader] [39m[32mWebhooksModule dependencies initialized[39m[38;5;3m +0ms[39m
[32m[Nest] 30542  - [39m24/05/2026, 21:33:12 [32m    LOG[39m [38;5;3m[InstanceLoader] [39m[32mWidgetModule dependencies initialized[39m[38;5;3m +0ms[39m
[32m[Nest] 30542  - [39m24/05/2026, 21:33:12 [32m    LOG[39m [38;5;3m[InstanceLoader] [39m[32mRealtimeModule dependencies initialized[39m[38;5;3m +1ms[39m
[32m[Nest] 30542  - [39m24/05/2026, 21:33:12 [32m    LOG[39m [38;5;3m[InstanceLoader] [39m[32mNotificationsModule dependencies initialized[39m[38;5;3m +0ms[39m
[32m[Nest] 30542  - [39m24/05/2026, 21:33:12 [32m    LOG[39m [38;5;3m[InstanceLoader] [39m[32mAdminBillingModule dependencies initialized[39m[38;5;3m +0ms[39m
[32m[Nest] 30542  - [39m24/05/2026, 21:33:12 [32m    LOG[39m [38;5;3m[InstanceLoader] [39m[32mGoogleAdsModule dependencies initialized[39m[38;5;3m +1ms[39m
[32m[Nest] 30542  - [39m24/05/2026, 21:33:12 [32m    LOG[39m [38;5;3m[InstanceLoader] [39m[32mInstagramModule dependencies initialized[39m[38;5;3m +0ms[39m
[32m[Nest] 30542  - [39m24/05/2026, 21:33:12 [32m    LOG[39m [38;5;3m[InstanceLoader] [39m[32mTikTokAdsModule dependencies initialized[39m[38;5;3m +0ms[39m
[32m[Nest] 30542  - [39m24/05/2026, 21:33:12 [32m    LOG[39m [38;5;3m[InstanceLoader] [39m[32mChatModule dependencies initialized[39m[38;5;3m +0ms[39m
[32m[Nest] 30542  - [39m24/05/2026, 21:33:12 [32m    LOG[39m [38;5;3m[InstanceLoader] [39m[32mBillingModule dependencies initialized[39m[38;5;3m +0ms[39m
[32m[Nest] 30542  - [39m24/05/2026, 21:33:12 [32m    LOG[39m [38;5;3m[InstanceLoader] [39m[32mSmsModule dependencies initialized[39m[38;5;3m +0ms[39m
[32m[Nest] 30542  - [39m24/05/2026, 21:33:12 [32m    LOG[39m [38;5;3m[InstanceLoader] [39m[32mAppointmentsModule dependencies initialized[39m[38;5;3m +0ms[39m
[32m[Nest] 30542  - [39m24/05/2026, 21:33:12 [32m    LOG[39m [38;5;3m[InstanceLoader] [39m[32mUsersModule dependencies initialized[39m[38;5;3m +0ms[39m
[32m[Nest] 30542  - [39m24/05/2026, 21:33:12 [32m    LOG[39m [38;5;3m[InstanceLoader] [39m[32mDealsModule dependencies initialized[39m[38;5;3m +0ms[39m
[32m[Nest] 30542  - [39m24/05/2026, 21:33:12 [32m    LOG[39m [38;5;3m[InstanceLoader] [39m[32mQueueModule dependencies initialized[39m[38;5;3m +0ms[39m
[32m[Nest] 30542  - [39m24/05/2026, 21:33:12 [32m    LOG[39m [38;5;3m[InstanceLoader] [39m[32mEcommerceModule dependencies initialized[39m[38;5;3m +0ms[39m
[32m[Nest] 30542  - [39m24/05/2026, 21:33:12 [32m    LOG[39m [38;5;3m[InstanceLoader] [39m[32mAuthModule dependencies initialized[39m[38;5;3m +0ms[39m
[32m[Nest] 30542  - [39m24/05/2026, 21:33:12 [32m    LOG[39m [38;5;3m[InstanceLoader] [39m[32mAnalyticsModule dependencies initialized[39m[38;5;3m +0ms[39m
[32m[Nest] 30542  - [39m24/05/2026, 21:33:12 [32m    LOG[39m [38;5;3m[InstanceLoader] [39m[32mLeadsModule dependencies initialized[39m[38;5;3m +0ms[39m
[32m[Nest] 30542  - [39m24/05/2026, 21:33:12 [32m    LOG[39m [38;5;3m[InstanceLoader] [39m[32mQuizModule dependencies initialized[39m[38;5;3m +0ms[39m
[32m[Nest] 30542  - [39m24/05/2026, 21:33:12 [32m    LOG[39m [38;5;3m[WebSocketsController] [39m[32mRealtimeGateway subscribed to the "ping" message[39m[38;5;3m +31ms[39m
[32m[Nest] 30542  - [39m24/05/2026, 21:33:12 [32m    LOG[39m [38;5;3m[RoutesResolver] [39m[32mAuthController {/api/v1/auth}:[39m[38;5;3m +2ms[39m
[32m[Nest] 30542  - [39m24/05/2026, 21:33:12 [32m    LOG[39m [38;5;3m[RouterExplorer] [39m[32mMapped {/api/v1/auth/register, POST} route[39m[38;5;3m +1ms[39m
[32m[Nest] 30542  - [39m24/05/2026, 21:33:12 [32m    LOG[39m [38;5;3m[RouterExplorer] [39m[32mMapped {/api/v1/auth/login, POST} route[39m[38;5;3m +0ms[39m
[32m[Nest] 30542  - [39m24/05/2026, 21:33:12 [32m    LOG[39m [38;5;3m[RouterExplorer] [39m[32mMapped {/api/v1/auth/refresh, POST} route[39m[38;5;3m +0ms[39m
[32m[Nest] 30542  - [39m24/05/2026, 21:33:12 [32m    LOG[39m [38;5;3m[RouterExplorer] [39m[32mMapped {/api/v1/auth/request-access, POST} route[39m[38;5;3m +0ms[39m
[32m[Nest] 30542  - [39m24/05/2026, 21:33:12 [32m    LOG[39m [38;5;3m[RouterExplorer] [39m[32mMapped {/api/v1/auth/support, POST} route[39m[38;5;3m +1ms[39m
[32m[Nest] 30542  - [39m24/05/2026, 21:33:12 [32m    LOG[39m [38;5;3m[RouterExplorer] [39m[32mMapped {/api/v1/auth/logout, POST} route[39m[38;5;3m +0ms[39m
[32m[Nest] 30542  - [39m24/05/2026, 21:33:12 [32m    LOG[39m [38;5;3m[RoutesResolver] [39m[32mLeadsController {/api/v1/leads}:[39m[38;5;3m +0ms[39m
[32m[Nest] 30542  - [39m24/05/2026, 21:33:12 [32m    LOG[39m [38;5;3m[RouterExplorer] [39m[32mMapped {/api/v1/leads/capture, POST} route[39m[38;5;3m +0ms[39m
[32m[Nest] 30542  - [39m24/05/2026, 21:33:12 [32m    LOG[39m [38;5;3m[RouterExplorer] [39m[32mMapped {/api/v1/leads, GET} route[39m[38;5;3m +0ms[39m
[32m[Nest] 30542  - [39m24/05/2026, 21:33:12 [32m    LOG[39m [38;5;3m[RouterExplorer] [39m[32mMapped {/api/v1/leads/:id, GET} route[39m[38;5;3m +1ms[39m
[32m[Nest] 30542  - [39m24/05/2026, 21:33:12 [32m    LOG[39m [38;5;3m[RouterExplorer] [39m[32mMapped {/api/v1/leads/:id, PATCH} route[39m[38;5;3m +0ms[39m
[32m[Nest] 30542  - [39m24/05/2026, 21:33:12 [32m    LOG[39m [38;5;3m[RouterExplorer] [39m[32mMapped {/api/v1/leads/:id, DELETE} route[39m[38;5;3m +0ms[39m
[32m[Nest] 30542  - [39m24/05/2026, 21:33:12 [32m    LOG[39m [38;5;3m[RouterExplorer] [39m[32mMapped {/api/v1/leads/:id/score, GET} route[39m[38;5;3m +0ms[39m
[32m[Nest] 30542  - [39m24/05/2026, 21:33:12 [32m    LOG[39m [38;5;3m[RouterExplorer] [39m[32mMapped {/api/v1/leads/:id/prediction, GET} route[39m[38;5;3m +0ms[39m
[32m[Nest] 30542  - [39m24/05/2026, 21:33:12 [32m    LOG[39m [38;5;3m[RouterExplorer] [39m[32mMapped {/api/v1/leads/export/csv, GET} route[39m[38;5;3m +0ms[39m
[32m[Nest] 30542  - [39m24/05/2026, 21:33:12 [32m    LOG[39m [38;5;3m[RouterExplorer] [39m[32mMapped {/api/v1/leads/:id/report, GET} route[39m[38;5;3m +0ms[39m
[32m[Nest] 30542  - [39m24/05/2026, 21:33:12 [32m    LOG[39m [38;5;3m[RoutesResolver] [39m[32mNotificationsController {/api/v1/notifications}:[39m[38;5;3m +0ms[39m
[32m[Nest] 30542  - [39m24/05/2026, 21:33:12 [32m    LOG[39m [38;5;3m[RouterExplorer] [39m[32mMapped {/api/v1/notifications/push-subscribe, POST} route[39m[38;5;3m +0ms[39m
[32m[Nest] 30542  - [39m24/05/2026, 21:33:12 [32m    LOG[39m [38;5;3m[RoutesResolver] [39m[32mEcommerceController {/api/v1/ecommerce}:[39m[38;5;3m +0ms[39m
[32m[Nest] 30542  - [39m24/05/2026, 21:33:12 [32m    LOG[39m [38;5;3m[RouterExplorer] [39m[32mMapped {/api/v1/ecommerce/webhook/shopify/:slug, POST} route[39m[38;5;3m +0ms[39m
[32m[Nest] 30542  - [39m24/05/2026, 21:33:12 [32m    LOG[39m [38;5;3m[RouterExplorer] [39m[32mMapped {/api/v1/ecommerce/webhook/woocommerce/:slug, POST} route[39m[38;5;3m +0ms[39m
[32m[Nest] 30542  - [39m24/05/2026, 21:33:12 [32m    LOG[39m [38;5;3m[RouterExplorer] [39m[32mMapped {/api/v1/ecommerce/carts, GET} route[39m[38;5;3m +0ms[39m
[32m[Nest] 30542  - [39m24/05/2026, 21:33:12 [32m    LOG[39m [38;5;3m[RouterExplorer] [39m[32mMapped {/api/v1/ecommerce/carts/stats, GET} route[39m[38;5;3m +0ms[39m
[32m[Nest] 30542  - [39m24/05/2026, 21:33:12 [32m    LOG[39m [38;5;3m[RoutesResolver] [39m[32mQuizController {/api/v1/quiz}:[39m[38;5;3m +0ms[39m
[32m[Nest] 30542  - [39m24/05/2026, 21:33:12 [32m    LOG[39m [38;5;3m[RouterExplorer] [39m[32mMapped {/api/v1/quiz/result/:leadId, GET} route[39m[38;5;3m +0ms[39m
[32m[Nest] 30542  - [39m24/05/2026, 21:33:12 [32m    LOG[39m [38;5;3m[RouterExplorer] [39m[32mMapped {/api/v1/quiz/:tenantSlug/:funnelSlug, GET} route[39m[38;5;3m +1ms[39m
[32m[Nest] 30542  - [39m24/05/2026, 21:33:12 [32m    LOG[39m [38;5;3m[RouterExplorer] [39m[32mMapped {/api/v1/quiz/:tenantSlug/:funnelSlug/submit, POST} route[39m[38;5;3m +0ms[39m
[32m[Nest] 30542  - [39m24/05/2026, 21:33:12 [32m    LOG[39m [38;5;3m[RoutesResolver] [39m[32mFunnelsController {/api/v1/funnels}:[39m[38;5;3m +0ms[39m
[32m[Nest] 30542  - [39m24/05/2026, 21:33:12 [32m    LOG[39m [38;5;3m[RouterExplorer] [39m[32mMapped {/api/v1/funnels/templates, GET} route[39m[38;5;3m +0ms[39m
[32m[Nest] 30542  - [39m24/05/2026, 21:33:12 [32m    LOG[39m [38;5;3m[RouterExplorer] [39m[32mMapped {/api/v1/funnels/from-template, POST} route[39m[38;5;3m +0ms[39m
[32m[Nest] 30542  - [39m24/05/2026, 21:33:12 [32m    LOG[39m [38;5;3m[RouterExplorer] [39m[32mMapped {/api/v1/funnels, GET} route[39m[38;5;3m +0ms[39m
[32m[Nest] 30542  - [39m24/05/2026, 21:33:12 [32m    LOG[39m [38;5;3m[RouterExplorer] [39m[32mMapped {/api/v1/funnels, POST} route[39m[38;5;3m +0ms[39m
[32m[Nest] 30542  - [39m24/05/2026, 21:33:12 [32m    LOG[39m [38;5;3m[RouterExplorer] [39m[32mMapped {/api/v1/funnels/:id, GET} route[39m[38;5;3m +0ms[39m
[32m[Nest] 30542  - [39m24/05/2026, 21:33:12 [32m    LOG[39m [38;5;3m[RouterExplorer] [39m[32mMapped {/api/v1/funnels/:id, PUT} route[39m[38;5;3m +0ms[39m
[32m[Nest] 30542  - [39m24/05/2026, 21:33:12 [32m    LOG[39m [38;5;3m[RouterExplorer] [39m[32mMapped {/api/v1/funnels/:id, DELETE} route[39m[38;5;3m +0ms[39m
[32m[Nest] 30542  - [39m24/05/2026, 21:33:12 [32m    LOG[39m [38;5;3m[RouterExplorer] [39m[32mMapped {/api/v1/funnels/:id/publish, POST} route[39m[38;5;3m +0ms[39m
[32m[Nest] 30542  - [39m24/05/2026, 21:33:12 [32m    LOG[39m [38;5;3m[RouterExplorer] [39m[32mMapped {/api/v1/funnels/:funnelId/variants, GET} route[39m[38;5;3m +0ms[39m
[32m[Nest] 30542  - [39m24/05/2026, 21:33:12 [32m    LOG[39m [38;5;3m[RouterExplorer] [39m[32mMapped {/api/v1/funnels/:funnelId/variants, POST} route[39m[38;5;3m +0ms[39m
[32m[Nest] 30542  - [39m24/05/2026, 21:33:12 [32m    LOG[39m [38;5;3m[RouterExplorer] [39m[32mMapped {/api/v1/funnels/:funnelId/variants/:variantId, PATCH} route[39m[38;5;3m +0ms[39m
[32m[Nest] 30542  - [39m24/05/2026, 21:33:12 [32m    LOG[39m [38;5;3m[RouterExplorer] [39m[32mMapped {/api/v1/funnels/:funnelId/variants/:variantId, DELETE} route[39m[38;5;3m +0ms[39m
[32m[Nest] 30542  - [39m24/05/2026, 21:33:12 [32m    LOG[39m [38;5;3m[RoutesResolver] [39m[32mWebhooksController {/api/v1/webhooks}:[39m[38;5;3m +0ms[39m
[32m[Nest] 30542  - [39m24/05/2026, 21:33:12 [32m    LOG[39m [38;5;3m[RouterExplorer] [39m[32mMapped {/api/v1/webhooks/meta/verify, GET} route[39m[38;5;3m +0ms[39m
[32m[Nest] 30542  - [39m24/05/2026, 21:33:12 [32m    LOG[39m [38;5;3m[RouterExplorer] [39m[32mMapped {/api/v1/webhooks/meta, POST} route[39m[38;5;3m +0ms[39m
[32m[Nest] 30542  - [39m24/05/2026, 21:33:12 [32m    LOG[39m [38;5;3m[RouterExplorer] [39m[32mMapped {/api/v1/webhooks/meta/leads, POST} route[39m[38;5;3m +0ms[39m
[32m[Nest] 30542  - [39m24/05/2026, 21:33:12 [32m    LOG[39m [38;5;3m[RoutesResolver] [39m[32mAnalyticsController {/api/v1/analytics}:[39m[38;5;3m +0ms[39m
[32m[Nest] 30542  - [39m24/05/2026, 21:33:12 [32m    LOG[39m [38;5;3m[RouterExplorer] [39m[32mMapped {/api/v1/analytics/kpis, GET} route[39m[38;5;3m +0ms[39m
[32m[Nest] 30542  - [39m24/05/2026, 21:33:12 [32m    LOG[39m [38;5;3m[RouterExplorer] [39m[32mMapped {/api/v1/analytics/events, GET} route[39m[38;5;3m +0ms[39m
[32m[Nest] 30542  - [39m24/05/2026, 21:33:12 [32m    LOG[39m [38;5;3m[RouterExplorer] [39m[32mMapped {/api/v1/analytics/funnels/:funnelId/abandonment, GET} route[39m[38;5;3m +0ms[39m
[32m[Nest] 30542  - [39m24/05/2026, 21:33:12 [32m    LOG[39m [38;5;3m[RouterExplorer] [39m[32mMapped {/api/v1/analytics/financial-kpis, GET} route[39m[38;5;3m +0ms[39m
[32m[Nest] 30542  - [39m24/05/2026, 21:33:12 [32m    LOG[39m [38;5;3m[RouterExplorer] [39m[32mMapped {/api/v1/analytics/attribution, GET} route[39m[38;5;3m +0ms[39m
[32m[Nest] 30542  - [39m24/05/2026, 21:33:12 [32m    LOG[39m [38;5;3m[RouterExplorer] [39m[32mMapped {/api/v1/analytics/conversion-advisor, POST} route[39m[38;5;3m +0ms[39m
[32m[Nest] 30542  - [39m24/05/2026, 21:33:12 [32m    LOG[39m [38;5;3m[RoutesResolver] [39m[32mHealthController {/api/v1}:[39m[38;5;3m +0ms[39m
[32m[Nest] 30542  - [39m24/05/2026, 21:33:12 [32m    LOG[39m [38;5;3m[RouterExplorer] [39m[32mMapped {/api/v1/health, GET} route[39m[38;5;3m +0ms[39m
[32m[Nest] 30542  - [39m24/05/2026, 21:33:12 [32m    LOG[39m [38;5;3m[RouterExplorer] [39m[32mMapped {/api/v1/ready, GET} route[39m[38;5;3m +0ms[39m
[32m[Nest] 30542  - [39m24/05/2026, 21:33:12 [32m    LOG[39m [38;5;3m[RoutesResolver] [39m[32mDealsController {/api/v1/deals}:[39m[38;5;3m +0ms[39m
[32m[Nest] 30542  - [39m24/05/2026, 21:33:12 [32m    LOG[39m [38;5;3m[RouterExplorer] [39m[32mMapped {/api/v1/deals, POST} route[39m[38;5;3m +1ms[39m
[32m[Nest] 30542  - [39m24/05/2026, 21:33:12 [32m    LOG[39m [38;5;3m[RouterExplorer] [39m[32mMapped {/api/v1/deals, GET} route[39m[38;5;3m +0ms[39m
[32m[Nest] 30542  - [39m24/05/2026, 21:33:12 [32m    LOG[39m [38;5;3m[RouterExplorer] [39m[32mMapped {/api/v1/deals/:id, GET} route[39m[38;5;3m +0ms[39m
[32m[Nest] 30542  - [39m24/05/2026, 21:33:12 [32m    LOG[39m [38;5;3m[RouterExplorer] [39m[32mMapped {/api/v1/deals/:id, PATCH} route[39m[38;5;3m +0ms[39m
[32m[Nest] 30542  - [39m24/05/2026, 21:33:12 [32m    LOG[39m [38;5;3m[RouterExplorer] [39m[32mMapped {/api/v1/deals/:id, DELETE} route[39m[38;5;3m +0ms[39m
[32m[Nest] 30542  - [39m24/05/2026, 21:33:12 [32m    LOG[39m [38;5;3m[RouterExplorer] [39m[32mMapped {/api/v1/deals/export/csv, GET} route[39m[38;5;3m +0ms[39m
[32m[Nest] 30542  - [39m24/05/2026, 21:33:12 [32m    LOG[39m [38;5;3m[RoutesResolver] [39m[32mSettingsController {/api/v1/settings}:[39m[38;5;3m +0ms[39m
[32m[Nest] 30542  - [39m24/05/2026, 21:33:12 [32m    LOG[39m [38;5;3m[RouterExplorer] [39m[32mMapped {/api/v1/settings, GET} route[39m[38;5;3m +0ms[39m
[32m[Nest] 30542  - [39m24/05/2026, 21:33:12 [32m    LOG[39m [38;5;3m[RouterExplorer] [39m[32mMapped {/api/v1/settings, PATCH} route[39m[38;5;3m +0ms[39m
[32m[Nest] 30542  - [39m24/05/2026, 21:33:12 [32m    LOG[39m [38;5;3m[RoutesResolver] [39m[32mConversationsController {/api/v1/conversations}:[39m[38;5;3m +0ms[39m
[32m[Nest] 30542  - [39m24/05/2026, 21:33:12 [32m    LOG[39m [38;5;3m[RouterExplorer] [39m[32mMapped {/api/v1/conversations, GET} route[39m[38;5;3m +0ms[39m
[32m[Nest] 30542  - [39m24/05/2026, 21:33:12 [32m    LOG[39m [38;5;3m[RouterExplorer] [39m[32mMapped {/api/v1/conversations/:leadId/messages, GET} route[39m[38;5;3m +0ms[39m
[32m[Nest] 30542  - [39m24/05/2026, 21:33:12 [32m    LOG[39m [38;5;3m[RouterExplorer] [39m[32mMapped {/api/v1/conversations/:leadId/messages, POST} route[39m[38;5;3m +0ms[39m
[32m[Nest] 30542  - [39m24/05/2026, 21:33:12 [32m    LOG[39m [38;5;3m[RoutesResolver] [39m[32mAdSpendController {/api/v1/ad-spend}:[39m[38;5;3m +0ms[39m
[32m[Nest] 30542  - [39m24/05/2026, 21:33:12 [32m    LOG[39m [38;5;3m[RouterExplorer] [39m[32mMapped {/api/v1/ad-spend, GET} route[39m[38;5;3m +0ms[39m
[32m[Nest] 30542  - [39m24/05/2026, 21:33:12 [32m    LOG[39m [38;5;3m[RouterExplorer] [39m[32mMapped {/api/v1/ad-spend, POST} route[39m[38;5;3m +0ms[39m
[32m[Nest] 30542  - [39m24/05/2026, 21:33:12 [32m    LOG[39m [38;5;3m[RoutesResolver] [39m[32mSequencesController {/api/v1/sequences}:[39m[38;5;3m +0ms[39m
[32m[Nest] 30542  - [39m24/05/2026, 21:33:12 [32m    LOG[39m [38;5;3m[RouterExplorer] [39m[32mMapped {/api/v1/sequences, GET} route[39m[38;5;3m +0ms[39m
[32m[Nest] 30542  - [39m24/05/2026, 21:33:12 [32m    LOG[39m [38;5;3m[RouterExplorer] [39m[32mMapped {/api/v1/sequences, POST} route[39m[38;5;3m +0ms[39m
[32m[Nest] 30542  - [39m24/05/2026, 21:33:12 [32m    LOG[39m [38;5;3m[RouterExplorer] [39m[32mMapped {/api/v1/sequences/:id, PUT} route[39m[38;5;3m +0ms[39m
[32m[Nest] 30542  - [39m24/05/2026, 21:33:12 [32m    LOG[39m [38;5;3m[RouterExplorer] [39m[32mMapped {/api/v1/sequences/:id, DELETE} route[39m[38;5;3m +0ms[39m
[32m[Nest] 30542  - [39m24/05/2026, 21:33:12 [32m    LOG[39m [38;5;3m[RouterExplorer] [39m[32mMapped {/api/v1/sequences/:id/toggle, PATCH} route[39m[38;5;3m +0ms[39m
[32m[Nest] 30542  - [39m24/05/2026, 21:33:12 [32m    LOG[39m [38;5;3m[RoutesResolver] [39m[32mAppointmentsController {/api/v1/appointments}:[39m[38;5;3m +0ms[39m
[32m[Nest] 30542  - [39m24/05/2026, 21:33:12 [32m    LOG[39m [38;5;3m[RouterExplorer] [39m[32mMapped {/api/v1/appointments, GET} route[39m[38;5;3m +0ms[39m
[32m[Nest] 30542  - [39m24/05/2026, 21:33:12 [32m    LOG[39m [38;5;3m[RouterExplorer] [39m[32mMapped {/api/v1/appointments, POST} route[39m[38;5;3m +0ms[39m
[32m[Nest] 30542  - [39m24/05/2026, 21:33:12 [32m    LOG[39m [38;5;3m[RouterExplorer] [39m[32mMapped {/api/v1/appointments/:id/status, PATCH} route[39m[38;5;3m +0ms[39m
[32m[Nest] 30542  - [39m24/05/2026, 21:33:12 [32m    LOG[39m [38;5;3m[RoutesResolver] [39m[32mAdCampaignsController {/api/v1/ad-campaigns}:[39m[38;5;3m +0ms[39m
[32m[Nest] 30542  - [39m24/05/2026, 21:33:12 [32m    LOG[39m [38;5;3m[RouterExplorer] [39m[32mMapped {/api/v1/ad-campaigns, GET} route[39m[38;5;3m +0ms[39m
[32m[Nest] 30542  - [39m24/05/2026, 21:33:12 [32m    LOG[39m [38;5;3m[RouterExplorer] [39m[32mMapped {/api/v1/ad-campaigns/sync, POST} route[39m[38;5;3m +0ms[39m
[32m[Nest] 30542  - [39m24/05/2026, 21:33:12 [32m    LOG[39m [38;5;3m[RouterExplorer] [39m[32mMapped {/api/v1/ad-campaigns/:id/metrics, GET} route[39m[38;5;3m +0ms[39m
[32m[Nest] 30542  - [39m24/05/2026, 21:33:12 [32m    LOG[39m [38;5;3m[RoutesResolver] [39m[32mAdAccountsController {/api/v1/ad-accounts}:[39m[38;5;3m +0ms[39m
[32m[Nest] 30542  - [39m24/05/2026, 21:33:12 [32m    LOG[39m [38;5;3m[RouterExplorer] [39m[32mMapped {/api/v1/ad-accounts, GET} route[39m[38;5;3m +0ms[39m
[32m[Nest] 30542  - [39m24/05/2026, 21:33:12 [32m    LOG[39m [38;5;3m[RouterExplorer] [39m[32mMapped {/api/v1/ad-accounts/:id, GET} route[39m[38;5;3m +0ms[39m
[32m[Nest] 30542  - [39m24/05/2026, 21:33:12 [32m    LOG[39m [38;5;3m[RouterExplorer] [39m[32mMapped {/api/v1/ad-accounts, POST} route[39m[38;5;3m +0ms[39m
[32m[Nest] 30542  - [39m24/05/2026, 21:33:12 [32m    LOG[39m [38;5;3m[RouterExplorer] [39m[32mMapped {/api/v1/ad-accounts/:id, PATCH} route[39m[38;5;3m +0ms[39m
[32m[Nest] 30542  - [39m24/05/2026, 21:33:12 [32m    LOG[39m [38;5;3m[RouterExplorer] [39m[32mMapped {/api/v1/ad-accounts/:id, DELETE} route[39m[38;5;3m +0ms[39m
[32m[Nest] 30542  - [39m24/05/2026, 21:33:12 [32m    LOG[39m [38;5;3m[RouterExplorer] [39m[32mMapped {/api/v1/ad-accounts/:id/sync, POST} route[39m[38;5;3m +0ms[39m
[32m[Nest] 30542  - [39m24/05/2026, 21:33:12 [32m    LOG[39m [38;5;3m[RoutesResolver] [39m[32mGoogleAdsController {/api/v1/google-ads}:[39m[38;5;3m +0ms[39m
[32m[Nest] 30542  - [39m24/05/2026, 21:33:12 [32m    LOG[39m [38;5;3m[RouterExplorer] [39m[32mMapped {/api/v1/google-ads/oauth/init, GET} route[39m[38;5;3m +0ms[39m
[32m[Nest] 30542  - [39m24/05/2026, 21:33:12 [32m    LOG[39m [38;5;3m[RouterExplorer] [39m[32mMapped {/api/v1/google-ads/oauth/callback, GET} route[39m[38;5;3m +1ms[39m
[32m[Nest] 30542  - [39m24/05/2026, 21:33:12 [32m    LOG[39m [38;5;3m[RouterExplorer] [39m[32mMapped {/api/v1/google-ads/oauth/:accountId/disconnect, DELETE} route[39m[38;5;3m +0ms[39m
[32m[Nest] 30542  - [39m24/05/2026, 21:33:12 [32m    LOG[39m [38;5;3m[RouterExplorer] [39m[32mMapped {/api/v1/google-ads/campaigns, GET} route[39m[38;5;3m +0ms[39m
[32m[Nest] 30542  - [39m24/05/2026, 21:33:12 [32m    LOG[39m [38;5;3m[RoutesResolver] [39m[32mAudienceExportsController {/api/v1/audience-exports}:[39m[38;5;3m +0ms[39m
[32m[Nest] 30542  - [39m24/05/2026, 21:33:12 [32m    LOG[39m [38;5;3m[RouterExplorer] [39m[32mMapped {/api/v1/audience-exports, GET} route[39m[38;5;3m +0ms[39m
[32m[Nest] 30542  - [39m24/05/2026, 21:33:12 [32m    LOG[39m [38;5;3m[RouterExplorer] [39m[32mMapped {/api/v1/audience-exports, POST} route[39m[38;5;3m +0ms[39m
[32m[Nest] 30542  - [39m24/05/2026, 21:33:12 [32m    LOG[39m [38;5;3m[RoutesResolver] [39m[32mChatController {/api/v1/chat}:[39m[38;5;3m +0ms[39m
[32m[Nest] 30542  - [39m24/05/2026, 21:33:12 [32m    LOG[39m [38;5;3m[RouterExplorer] [39m[32mMapped {/api/v1/chat/message, POST} route[39m[38;5;3m +0ms[39m
[32m[Nest] 30542  - [39m24/05/2026, 21:33:12 [32m    LOG[39m [38;5;3m[RouterExplorer] [39m[32mMapped {/api/v1/chat/stream, GET} route[39m[38;5;3m +0ms[39m
[32m[Nest] 30542  - [39m24/05/2026, 21:33:12 [32m    LOG[39m [38;5;3m[RouterExplorer] [39m[32mMapped {/api/v1/chat/models, GET} route[39m[38;5;3m +0ms[39m
[32m[Nest] 30542  - [39m24/05/2026, 21:33:12 [32m    LOG[39m [38;5;3m[RoutesResolver] [39m[32mInstagramController {/api/v1/instagram}:[39m[38;5;3m +0ms[39m
[32m[Nest] 30542  - [39m24/05/2026, 21:33:12 [32m    LOG[39m [38;5;3m[RouterExplorer] [39m[32mMapped {/api/v1/instagram/oauth/init, GET} route[39m[38;5;3m +0ms[39m
[32m[Nest] 30542  - [39m24/05/2026, 21:33:12 [32m    LOG[39m [38;5;3m[RouterExplorer] [39m[32mMapped {/api/v1/instagram/oauth/status, GET} route[39m[38;5;3m +0ms[39m
[32m[Nest] 30542  - [39m24/05/2026, 21:33:12 [32m    LOG[39m [38;5;3m[RouterExplorer] [39m[32mMapped {/api/v1/instagram/oauth/disconnect, DELETE} route[39m[38;5;3m +0ms[39m
[32m[Nest] 30542  - [39m24/05/2026, 21:33:12 [32m    LOG[39m [38;5;3m[RouterExplorer] [39m[32mMapped {/api/v1/instagram/oauth/callback, GET} route[39m[38;5;3m +0ms[39m
[32m[Nest] 30542  - [39m24/05/2026, 21:33:12 [32m    LOG[39m [38;5;3m[RouterExplorer] [39m[32mMapped {/api/v1/instagram/webhook, GET} route[39m[38;5;3m +0ms[39m
[32m[Nest] 30542  - [39m24/05/2026, 21:33:12 [32m    LOG[39m [38;5;3m[RouterExplorer] [39m[32mMapped {/api/v1/instagram/webhook, POST} route[39m[38;5;3m +0ms[39m
[32m[Nest] 30542  - [39m24/05/2026, 21:33:12 [32m    LOG[39m [38;5;3m[RouterExplorer] [39m[32mMapped {/api/v1/instagram/dm, POST} route[39m[38;5;3m +0ms[39m
[32m[Nest] 30542  - [39m24/05/2026, 21:33:12 [32m    LOG[39m [38;5;3m[RoutesResolver] [39m[32mWidgetController {/api/v1/widget}:[39m[38;5;3m +0ms[39m
[32m[Nest] 30542  - [39m24/05/2026, 21:33:12 [32m    LOG[39m [38;5;3m[RouterExplorer] [39m[32mMapped {/api/v1/widget/:slug/config, GET} route[39m[38;5;3m +0ms[39m
[32m[Nest] 30542  - [39m24/05/2026, 21:33:12 [32m    LOG[39m [38;5;3m[RouterExplorer] [39m[32mMapped {/api/v1/widget/:slug/chat, POST} route[39m[38;5;3m +0ms[39m
[32m[Nest] 30542  - [39m24/05/2026, 21:33:12 [32m    LOG[39m [38;5;3m[RouterExplorer] [39m[32mMapped {/api/v1/widget/:slug/appointments/:appointmentId/reschedule, PATCH} route[39m[38;5;3m +0ms[39m
[32m[Nest] 30542  - [39m24/05/2026, 21:33:12 [32m    LOG[39m [38;5;3m[RouterExplorer] [39m[32mMapped {/api/v1/widget/:slug/widget.js, GET} route[39m[38;5;3m +0ms[39m
[32m[Nest] 30542  - [39m24/05/2026, 21:33:12 [32m    LOG[39m [38;5;3m[RoutesResolver] [39m[32mBillingController {/api/v1/billing}:[39m[38;5;3m +0ms[39m
[32m[Nest] 30542  - [39m24/05/2026, 21:33:12 [32m    LOG[39m [38;5;3m[RouterExplorer] [39m[32mMapped {/api/v1/billing/checkout, POST} route[39m[38;5;3m +0ms[39m
[32m[Nest] 30542  - [39m24/05/2026, 21:33:12 [32m    LOG[39m [38;5;3m[RouterExplorer] [39m[32mMapped {/api/v1/billing/portal, POST} route[39m[38;5;3m +0ms[39m
[32m[Nest] 30542  - [39m24/05/2026, 21:33:12 [32m    LOG[39m [38;5;3m[RouterExplorer] [39m[32mMapped {/api/v1/billing/subscription, GET} route[39m[38;5;3m +0ms[39m
[32m[Nest] 30542  - [39m24/05/2026, 21:33:12 [32m    LOG[39m [38;5;3m[RouterExplorer] [39m[32mMapped {/api/v1/billing/invoices, GET} route[39m[38;5;3m +0ms[39m
[32m[Nest] 30542  - [39m24/05/2026, 21:33:12 [32m    LOG[39m [38;5;3m[RouterExplorer] [39m[32mMapped {/api/v1/billing/payment-methods, GET} route[39m[38;5;3m +0ms[39m
[32m[Nest] 30542  - [39m24/05/2026, 21:33:12 [32m    LOG[39m [38;5;3m[RouterExplorer] [39m[32mMapped {/api/v1/billing/payment-methods/enroll, POST} route[39m[38;5;3m +0ms[39m
[32m[Nest] 30542  - [39m24/05/2026, 21:33:12 [32m    LOG[39m [38;5;3m[RouterExplorer] [39m[32mMapped {/api/v1/billing/payment-methods/enroll/confirm, POST} route[39m[38;5;3m +0ms[39m
[32m[Nest] 30542  - [39m24/05/2026, 21:33:12 [32m    LOG[39m [38;5;3m[RouterExplorer] [39m[32mMapped {/api/v1/billing/payment-methods/:cardId, DELETE} route[39m[38;5;3m +0ms[39m
[32m[Nest] 30542  - [39m24/05/2026, 21:33:12 [32m    LOG[39m [38;5;3m[RouterExplorer] [39m[32mMapped {/api/v1/billing/webhook, POST} route[39m[38;5;3m +0ms[39m
[32m[Nest] 30542  - [39m24/05/2026, 21:33:12 [32m    LOG[39m [38;5;3m[RoutesResolver] [39m[32mAdminBillingController {/api/v1/admin/billing}:[39m[38;5;3m +0ms[39m
[32m[Nest] 30542  - [39m24/05/2026, 21:33:12 [32m    LOG[39m [38;5;3m[RouterExplorer] [39m[32mMapped {/api/v1/admin/billing/plans, GET} route[39m[38;5;3m +0ms[39m
[32m[Nest] 30542  - [39m24/05/2026, 21:33:12 [32m    LOG[39m [38;5;3m[RouterExplorer] [39m[32mMapped {/api/v1/admin/billing/stats, GET} route[39m[38;5;3m +0ms[39m
[32m[Nest] 30542  - [39m24/05/2026, 21:33:12 [32m    LOG[39m [38;5;3m[RouterExplorer] [39m[32mMapped {/api/v1/admin/billing/subscriptions, GET} route[39m[38;5;3m +0ms[39m
[32m[Nest] 30542  - [39m24/05/2026, 21:33:12 [32m    LOG[39m [38;5;3m[RouterExplorer] [39m[32mMapped {/api/v1/admin/billing/subscriptions/:tenantId/plan, PATCH} route[39m[38;5;3m +0ms[39m
[32m[Nest] 30542  - [39m24/05/2026, 21:33:12 [32m    LOG[39m [38;5;3m[RouterExplorer] [39m[32mMapped {/api/v1/admin/billing/subscriptions/:tenantId/status, PATCH} route[39m[38;5;3m +0ms[39m
[32m[Nest] 30542  - [39m24/05/2026, 21:33:12 [32m    LOG[39m [38;5;3m[RouterExplorer] [39m[32mMapped {/api/v1/admin/billing/invoices, GET} route[39m[38;5;3m +0ms[39m
[32m[Nest] 30542  - [39m24/05/2026, 21:33:12 [32m    LOG[39m [38;5;3m[RoutesResolver] [39m[32mTikTokAdsController {/api/v1/tiktok-ads}:[39m[38;5;3m +0ms[39m
[32m[Nest] 30542  - [39m24/05/2026, 21:33:12 [32m    LOG[39m [38;5;3m[RouterExplorer] [39m[32mMapped {/api/v1/tiktok-ads/oauth/init, GET} route[39m[38;5;3m +0ms[39m
[32m[Nest] 30542  - [39m24/05/2026, 21:33:12 [32m    LOG[39m [38;5;3m[RouterExplorer] [39m[32mMapped {/api/v1/tiktok-ads/oauth/callback, GET} route[39m[38;5;3m +1ms[39m
[32m[Nest] 30542  - [39m24/05/2026, 21:33:12 [32m    LOG[39m [38;5;3m[RouterExplorer] [39m[32mMapped {/api/v1/tiktok-ads/oauth/:accountId/disconnect, DELETE} route[39m[38;5;3m +0ms[39m
[32m[Nest] 30542  - [39m24/05/2026, 21:33:12 [32m    LOG[39m [38;5;3m[RouterExplorer] [39m[32mMapped {/api/v1/tiktok-ads/campaigns, GET} route[39m[38;5;3m +0ms[39m
[32m[Nest] 30542  - [39m24/05/2026, 21:33:12 [32m    LOG[39m [38;5;3m[RoutesResolver] [39m[32mAutomationFlowsController {/api/v1/automation-flows}:[39m[38;5;3m +0ms[39m
[32m[Nest] 30542  - [39m24/05/2026, 21:33:12 [32m    LOG[39m [38;5;3m[RouterExplorer] [39m[32mMapped {/api/v1/automation-flows, GET} route[39m[38;5;3m +0ms[39m
[32m[Nest] 30542  - [39m24/05/2026, 21:33:12 [32m    LOG[39m [38;5;3m[RouterExplorer] [39m[32mMapped {/api/v1/automation-flows, POST} route[39m[38;5;3m +0ms[39m
[32m[Nest] 30542  - [39m24/05/2026, 21:33:12 [32m    LOG[39m [38;5;3m[RouterExplorer] [39m[32mMapped {/api/v1/automation-flows/:id, GET} route[39m[38;5;3m +0ms[39m
[32m[Nest] 30542  - [39m24/05/2026, 21:33:12 [32m    LOG[39m [38;5;3m[RouterExplorer] [39m[32mMapped {/api/v1/automation-flows/:id, PUT} route[39m[38;5;3m +0ms[39m
[32m[Nest] 30542  - [39m24/05/2026, 21:33:12 [32m    LOG[39m [38;5;3m[RouterExplorer] [39m[32mMapped {/api/v1/automation-flows/:id, DELETE} route[39m[38;5;3m +0ms[39m
[32m[Nest] 30542  - [39m24/05/2026, 21:33:12 [32m    LOG[39m [38;5;3m[RouterExplorer] [39m[32mMapped {/api/v1/automation-flows/:id/activate, POST} route[39m[38;5;3m +0ms[39m
[32m[Nest] 30542  - [39m24/05/2026, 21:33:12 [32m    LOG[39m [38;5;3m[RouterExplorer] [39m[32mMapped {/api/v1/automation-flows/:id/pause, POST} route[39m[38;5;3m +0ms[39m
[32m[Nest] 30542  - [39m24/05/2026, 21:33:12 [32m    LOG[39m [38;5;3m[RouterExplorer] [39m[32mMapped {/api/v1/automation-flows/:id/run, POST} route[39m[38;5;3m +0ms[39m
[32m[Nest] 30542  - [39m24/05/2026, 21:33:12 [32m    LOG[39m [38;5;3m[RouterExplorer] [39m[32mMapped {/api/v1/automation-flows/:id/runs, GET} route[39m[38;5;3m +0ms[39m
[32m[Nest] 30542  - [39m24/05/2026, 21:33:12 [32m    LOG[39m [38;5;3m[RoutesResolver] [39m[32mSmsController {/api/v1/sms}:[39m[38;5;3m +0ms[39m
[32m[Nest] 30542  - [39m24/05/2026, 21:33:12 [32m    LOG[39m [38;5;3m[RouterExplorer] [39m[32mMapped {/api/v1/sms/status, GET} route[39m[38;5;3m +0ms[39m
[32m[Nest] 30542  - [39m24/05/2026, 21:33:12 [32m    LOG[39m [38;5;3m[RouterExplorer] [39m[32mMapped {/api/v1/sms/send, POST} route[39m[38;5;3m +0ms[39m
[32m[Nest] 30542  - [39m24/05/2026, 21:33:12 [32m    LOG[39m [38;5;3m[RouterExplorer] [39m[32mMapped {/api/v1/sms/send-with-fallback, POST} route[39m[38;5;3m +0ms[39m
[32m[Nest] 30542  - [39m24/05/2026, 21:33:12 [32m    LOG[39m [38;5;3m[RoutesResolver] [39m[32mApiKeysController {/api/v1/api-keys}:[39m[38;5;3m +0ms[39m
[32m[Nest] 30542  - [39m24/05/2026, 21:33:12 [32m    LOG[39m [38;5;3m[RouterExplorer] [39m[32mMapped {/api/v1/api-keys, GET} route[39m[38;5;3m +0ms[39m
[32m[Nest] 30542  - [39m24/05/2026, 21:33:12 [32m    LOG[39m [38;5;3m[RouterExplorer] [39m[32mMapped {/api/v1/api-keys, POST} route[39m[38;5;3m +0ms[39m
[32m[Nest] 30542  - [39m24/05/2026, 21:33:12 [32m    LOG[39m [38;5;3m[RouterExplorer] [39m[32mMapped {/api/v1/api-keys/:id, DELETE} route[39m[38;5;3m +0ms[39m
[32m[Nest] 30542  - [39m24/05/2026, 21:33:12 [32m    LOG[39m [38;5;3m[RoutesResolver] [39m[32mMessengerController {/api/v1/messenger}:[39m[38;5;3m +0ms[39m
[32m[Nest] 30542  - [39m24/05/2026, 21:33:12 [32m    LOG[39m [38;5;3m[RouterExplorer] [39m[32mMapped {/api/v1/messenger/webhook, GET} route[39m[38;5;3m +0ms[39m
[32m[Nest] 30542  - [39m24/05/2026, 21:33:12 [32m    LOG[39m [38;5;3m[RouterExplorer] [39m[32mMapped {/api/v1/messenger/webhook, POST} route[39m[38;5;3m +0ms[39m
[32m[Nest] 30542  - [39m24/05/2026, 21:33:12 [32m    LOG[39m [38;5;3m[RoutesResolver] [39m[32mBudgetOptimizerController {/api/v1/budget-optimizer}:[39m[38;5;3m +0ms[39m
[32m[Nest] 30542  - [39m24/05/2026, 21:33:12 [32m    LOG[39m [38;5;3m[RouterExplorer] [39m[32mMapped {/api/v1/budget-optimizer/recommendations, GET} route[39m[38;5;3m +0ms[39m
[32m[Nest] 30542  - [39m24/05/2026, 21:33:12 [32m    LOG[39m [38;5;3m[RoutesResolver] [39m[32mAuditController {/api/v1/audit}:[39m[38;5;3m +0ms[39m
[32m[Nest] 30542  - [39m24/05/2026, 21:33:12 [32m    LOG[39m [38;5;3m[RouterExplorer] [39m[32mMapped {/api/v1/audit/logs, GET} route[39m[38;5;3m +0ms[39m
[32m[Nest] 30542  - [39m24/05/2026, 21:33:12 [32m    LOG[39m [38;5;3m[RoutesResolver] [39m[32mUsersController {/api/v1/users}:[39m[38;5;3m +0ms[39m
[32m[Nest] 30542  - [39m24/05/2026, 21:33:12 [32m    LOG[39m [38;5;3m[RouterExplorer] [39m[32mMapped {/api/v1/users, GET} route[39m[38;5;3m +0ms[39m
[32m[Nest] 30542  - [39m24/05/2026, 21:33:12 [32m    LOG[39m [38;5;3m[RouterExplorer] [39m[32mMapped {/api/v1/users/invite, POST} route[39m[38;5;3m +0ms[39m
[32m[Nest] 30542  - [39m24/05/2026, 21:33:12 [32m    LOG[39m [38;5;3m[RouterExplorer] [39m[32mMapped {/api/v1/users/:id, PATCH} route[39m[38;5;3m +0ms[39m
[32m[Nest] 30542  - [39m24/05/2026, 21:33:12 [32m    LOG[39m [38;5;3m[RouterExplorer] [39m[32mMapped {/api/v1/users/:id, DELETE} route[39m[38;5;3m +0ms[39m
[33m[Nest] 30542  - [39m24/05/2026, 21:33:12 [33m   WARN[39m [38;5;3m[NotificationsService] [39m[33mVAPID_PUBLIC_KEY / VAPID_PRIVATE_KEY no configuradas — push notifications desactivadas.[39m
[32m[Nest] 30542  - [39m24/05/2026, 21:33:12 [32m    LOG[39m [38;5;3m[ScoringProcessor] [39m[32mScoringProcessor iniciado.[39m
[32m[Nest] 30542  - [39m24/05/2026, 21:33:12 [32m    LOG[39m [38;5;3m[AbandonedCartScanner] [39m[32mAbandonedCartScanner inicializado — escaneo cada 1h via MessagingProcessor.[39m
[32m[Nest] 30542  - [39m24/05/2026, 21:33:12 [32m    LOG[39m [38;5;3m[MessagingProcessor] [39m[32mMessagingProcessor iniciado.[39m
[32m[Nest] 30542  - [39m24/05/2026, 21:33:12 [32m    LOG[39m [38;5;3m[FollowUpScheduler] [39m[32mFollowUpScheduler registrado — escaneando leads cada 24h.[39m
[32m[Nest] 30542  - [39m24/05/2026, 21:33:12 [32m    LOG[39m [38;5;3m[MailNotifierService] [39m[32mMailNotifier listo — remitente: jvalenzuela303@gmail.com[39m
[32m[Nest] 30542  - [39m24/05/2026, 21:33:12 [32m    LOG[39m [38;5;3m[PrismaService] [39m[32mDatabase connected[39m
[32m[Nest] 30542  - [39m24/05/2026, 21:33:12 [32m    LOG[39m [38;5;3m[NestApplication] [39m[32mNest application successfully started[39m[38;5;3m +2ms[39m
Backend running on port 4001
Swagger docs: http://localhost:4001/api/docs
prisma:query SELECT "public"."users"."id", "public"."users"."tenant_id", "public"."users"."email", "public"."users"."name", "public"."users"."password_hash", "public"."users"."role", "public"."users"."avatar_url", "public"."users"."is_active", "public"."users"."last_login_at", "public"."users"."created_at", "public"."users"."updated_at" FROM "public"."users" WHERE ("public"."users"."email" = $1 AND 1=1) LIMIT $2 OFFSET $3
prisma:query SELECT "public"."tenants"."id", "public"."tenants"."slug", "public"."tenants"."name", "public"."tenants"."plan", "public"."tenants"."is_active" FROM "public"."tenants" WHERE "public"."tenants"."id" IN ($1) OFFSET $2
prisma:query UPDATE "public"."users" SET "last_login_at" = $1, "updated_at" = $2 WHERE ("public"."users"."id" = $3 AND 1=1) RETURNING "public"."users"."id", "public"."users"."tenant_id", "public"."users"."email", "public"."users"."name", "public"."users"."password_hash", "public"."users"."role", "public"."users"."avatar_url", "public"."users"."is_active", "public"."users"."last_login_at", "public"."users"."created_at", "public"."users"."updated_at"
prisma:query INSERT INTO "public"."refresh_tokens" ("user_id","token_hash","expires_at","created_at") VALUES ($1,$2,$3,$4) RETURNING "public"."refresh_tokens"."id", "public"."refresh_tokens"."user_id", "public"."refresh_tokens"."token_hash", "public"."refresh_tokens"."expires_at", "public"."refresh_tokens"."revoked_at", "public"."refresh_tokens"."created_at"
prisma:query SELECT "public"."users"."id", "public"."users"."tenant_id", "public"."users"."role", "public"."users"."is_active" FROM "public"."users" WHERE ("public"."users"."id" = $1 AND 1=1) LIMIT $2 OFFSET $3
prisma:query SELECT "public"."users"."id", "public"."users"."tenant_id", "public"."users"."role", "public"."users"."is_active" FROM "public"."users" WHERE ("public"."users"."id" = $1 AND 1=1) LIMIT $2 OFFSET $3
prisma:query BEGIN
prisma:query BEGIN
prisma:query SELECT set_config('app.tenant_id', $1, true)
prisma:query SELECT set_config('app.tenant_id', $1, true)
prisma:query SELECT COUNT(*) FROM (SELECT "public"."leads"."id" FROM "public"."leads" WHERE ("public"."leads"."tenant_id" = $1 AND "public"."leads"."deleted_at" IS NULL AND "public"."leads"."created_at" >= $2) OFFSET $3) AS "sub"
prisma:query SELECT COUNT(*) FROM (SELECT "public"."leads"."id" FROM "public"."leads" WHERE ("public"."leads"."tenant_id" = $1 AND "public"."leads"."deleted_at" IS NULL AND "public"."leads"."created_at" >= $2) OFFSET $3) AS "sub"
prisma:query SELECT AVG("quiz_score"), AVG("behavior_score"), AVG("engagement_score"), AVG("demographic_score") FROM (SELECT "public"."leads"."quiz_score", "public"."leads"."behavior_score", "public"."leads"."engagement_score", "public"."leads"."demographic_score" FROM "public"."leads" WHERE ("public"."leads"."tenant_id" = $1 AND "public"."leads"."deleted_at" IS NULL AND "public"."leads"."created_at" >= $2) OFFSET $3) AS "sub"
prisma:query SELECT "public"."leads"."id", "public"."leads"."email", "public"."leads"."phone", "public"."leads"."first_name", "public"."leads"."last_name", "public"."leads"."company", "public"."leads"."segment", "public"."leads"."quiz_score", "public"."leads"."behavior_score", "public"."leads"."engagement_score", "public"."leads"."demographic_score", "public"."leads"."pipeline_stage", "public"."leads"."source", "public"."leads"."created_at", "public"."leads"."last_seen_at", "public"."leads"."assigned_to", "public"."leads"."tags" FROM "public"."leads" WHERE ("public"."leads"."tenant_id" = $1 AND "public"."leads"."deleted_at" IS NULL) ORDER BY "public"."leads"."created_at" DESC LIMIT $2 OFFSET $3
prisma:query SELECT COUNT("public"."leads"."id"), "public"."leads"."segment" FROM "public"."leads" WHERE ("public"."leads"."tenant_id" = $1 AND "public"."leads"."deleted_at" IS NULL AND "public"."leads"."created_at" >= $2) GROUP BY "public"."leads"."segment" OFFSET $3
prisma:query SELECT COUNT("public"."leads"."id"), "public"."leads"."pipeline_stage" FROM "public"."leads" WHERE ("public"."leads"."tenant_id" = $1 AND "public"."leads"."deleted_at" IS NULL) GROUP BY "public"."leads"."pipeline_stage" OFFSET $2
prisma:query SELECT COUNT(*) FROM (SELECT "public"."leads"."id" FROM "public"."leads" WHERE ("public"."leads"."tenant_id" = $1 AND "public"."leads"."deleted_at" IS NULL) OFFSET $2) AS "sub"
prisma:query COMMIT
prisma:query SELECT COUNT(*) FROM (SELECT "public"."leads"."id" FROM "public"."leads" WHERE ("public"."leads"."tenant_id" = $1 AND "public"."leads"."deleted_at" IS NULL AND "public"."leads"."created_at" >= $2) OFFSET $3) AS "sub"
prisma:query SELECT "public"."funnels"."id", "public"."funnels"."name", "public"."funnels"."slug", "public"."funnels"."total_views", "public"."funnels"."total_starts", "public"."funnels"."total_completions", "public"."funnels"."status" FROM "public"."funnels" WHERE "public"."funnels"."tenant_id" = $1 ORDER BY "public"."funnels"."total_completions" DESC LIMIT $2 OFFSET $3
prisma:query SELECT COUNT(*) FROM (SELECT "public"."leads"."id" FROM "public"."leads" WHERE ("public"."leads"."tenant_id" = $1 AND "public"."leads"."deleted_at" IS NULL AND "public"."leads"."created_at" >= $2 AND "public"."leads"."quiz_completion_percentage" >= $3) OFFSET $4) AS "sub"
prisma:query COMMIT
prisma:query SELECT 1
prisma:query SELECT "public"."users"."id", "public"."users"."tenant_id", "public"."users"."role", "public"."users"."is_active" FROM "public"."users" WHERE ("public"."users"."id" = $1 AND 1=1) LIMIT $2 OFFSET $3
prisma:query SELECT "public"."users"."id", "public"."users"."tenant_id", "public"."users"."role", "public"."users"."is_active" FROM "public"."users" WHERE ("public"."users"."id" = $1 AND 1=1) LIMIT $2 OFFSET $3
prisma:query SELECT "public"."users"."id", "public"."users"."tenant_id", "public"."users"."role", "public"."users"."is_active" FROM "public"."users" WHERE ("public"."users"."id" = $1 AND 1=1) LIMIT $2 OFFSET $3
prisma:query SELECT "public"."tenants"."id", "public"."tenants"."meta_instagram_page_id", "public"."tenants"."meta_instagram_access_token" FROM "public"."tenants" WHERE ("public"."tenants"."id" = $1 AND 1=1) LIMIT $2 OFFSET $3
prisma:query SELECT "public"."tenants"."id", "public"."tenants"."meta_instagram_page_id", "public"."tenants"."meta_instagram_access_token" FROM "public"."tenants" WHERE ("public"."tenants"."id" = $1 AND 1=1) LIMIT $2 OFFSET $3
prisma:query SELECT "public"."tenants"."id", "public"."tenants"."meta_pixel_id", "public"."tenants"."meta_capi_token", "public"."tenants"."meta_whatsapp_phone_id", "public"."tenants"."meta_whatsapp_token", "public"."tenants"."meta_instagram_page_id", "public"."tenants"."meta_instagram_access_token", "public"."tenants"."sendgrid_api_key", "public"."tenants"."ghl_api_key", "public"."tenants"."ghl_location_id", "public"."tenants"."hubspot_api_key", "public"."tenants"."alert_email", "public"."tenants"."hot_lead_alert_enabled", "public"."tenants"."daily_digest_enabled", "public"."tenants"."ad_account_id", "public"."tenants"."google_calendar_refresh_token", "public"."tenants"."calendly_api_key" FROM "public"."tenants" WHERE ("public"."tenants"."id" = $1 AND 1=1) LIMIT $2 OFFSET $3
prisma:query SELECT "public"."users"."id", "public"."users"."tenant_id", "public"."users"."role", "public"."users"."is_active" FROM "public"."users" WHERE ("public"."users"."id" = $1 AND 1=1) LIMIT $2 OFFSET $3
prisma:query SELECT "public"."tenants"."id", "public"."tenants"."meta_pixel_id", "public"."tenants"."meta_capi_token", "public"."tenants"."meta_whatsapp_phone_id", "public"."tenants"."meta_whatsapp_token", "public"."tenants"."meta_instagram_page_id", "public"."tenants"."meta_instagram_access_token", "public"."tenants"."sendgrid_api_key", "public"."tenants"."ghl_api_key", "public"."tenants"."ghl_location_id", "public"."tenants"."hubspot_api_key", "public"."tenants"."alert_email", "public"."tenants"."hot_lead_alert_enabled", "public"."tenants"."daily_digest_enabled", "public"."tenants"."ad_account_id", "public"."tenants"."google_calendar_refresh_token", "public"."tenants"."calendly_api_key" FROM "public"."tenants" WHERE ("public"."tenants"."id" = $1 AND 1=1) LIMIT $2 OFFSET $3
prisma:query SELECT "public"."users"."id", "public"."users"."tenant_id", "public"."users"."role", "public"."users"."is_active" FROM "public"."users" WHERE ("public"."users"."id" = $1 AND 1=1) LIMIT $2 OFFSET $3
prisma:query SELECT "public"."users"."id", "public"."users"."tenant_id", "public"."users"."role", "public"."users"."is_active" FROM "public"."users" WHERE ("public"."users"."id" = $1 AND 1=1) LIMIT $2 OFFSET $3
prisma:query BEGIN
prisma:query SELECT set_config('app.tenant_id', $1, true)
prisma:query BEGIN
prisma:query SELECT set_config('app.tenant_id', $1, true)
prisma:query SELECT "public"."users"."id", "public"."users"."tenant_id", "public"."users"."email", "public"."users"."name", "public"."users"."role", "public"."users"."is_active", "public"."users"."avatar_url", "public"."users"."last_login_at", "public"."users"."created_at" FROM "public"."users" WHERE "public"."users"."tenant_id" = $1 ORDER BY "public"."users"."created_at" DESC OFFSET $2
prisma:query COMMIT
prisma:query SELECT "public"."users"."id", "public"."users"."tenant_id", "public"."users"."email", "public"."users"."name", "public"."users"."role", "public"."users"."is_active", "public"."users"."avatar_url", "public"."users"."last_login_at", "public"."users"."created_at" FROM "public"."users" WHERE "public"."users"."tenant_id" = $1 ORDER BY "public"."users"."created_at" DESC OFFSET $2
prisma:query COMMIT
prisma:query SELECT 1
prisma:query SELECT "public"."users"."id", "public"."users"."tenant_id", "public"."users"."role", "public"."users"."is_active" FROM "public"."users" WHERE ("public"."users"."id" = $1 AND 1=1) LIMIT $2 OFFSET $3
prisma:query SELECT "public"."users"."id", "public"."users"."tenant_id", "public"."users"."role", "public"."users"."is_active" FROM "public"."users" WHERE ("public"."users"."id" = $1 AND 1=1) LIMIT $2 OFFSET $3
prisma:query SELECT "public"."users"."id", "public"."users"."tenant_id", "public"."users"."role", "public"."users"."is_active" FROM "public"."users" WHERE ("public"."users"."id" = $1 AND 1=1) LIMIT $2 OFFSET $3
prisma:query SELECT 1
prisma:query SELECT "public"."tenants"."id", "public"."tenants"."meta_pixel_id", "public"."tenants"."meta_capi_token", "public"."tenants"."meta_whatsapp_phone_id", "public"."tenants"."meta_whatsapp_token", "public"."tenants"."meta_instagram_page_id", "public"."tenants"."meta_instagram_access_token", "public"."tenants"."sendgrid_api_key", "public"."tenants"."ghl_api_key", "public"."tenants"."ghl_location_id", "public"."tenants"."hubspot_api_key", "public"."tenants"."alert_email", "public"."tenants"."hot_lead_alert_enabled", "public"."tenants"."daily_digest_enabled", "public"."tenants"."ad_account_id", "public"."tenants"."google_calendar_refresh_token", "public"."tenants"."calendly_api_key" FROM "public"."tenants" WHERE ("public"."tenants"."id" = $1 AND 1=1) LIMIT $2 OFFSET $3
prisma:query SELECT "public"."tenants"."id", "public"."tenants"."meta_instagram_page_id", "public"."tenants"."meta_instagram_access_token" FROM "public"."tenants" WHERE ("public"."tenants"."id" = $1 AND 1=1) LIMIT $2 OFFSET $3
prisma:query SELECT "public"."tenants"."id", "public"."tenants"."meta_instagram_page_id", "public"."tenants"."meta_instagram_access_token" FROM "public"."tenants" WHERE ("public"."tenants"."id" = $1 AND 1=1) LIMIT $2 OFFSET $3
prisma:query SELECT "public"."users"."id", "public"."users"."tenant_id", "public"."users"."role", "public"."users"."is_active" FROM "public"."users" WHERE ("public"."users"."id" = $1 AND 1=1) LIMIT $2 OFFSET $3
prisma:query SELECT "public"."tenants"."id", "public"."tenants"."meta_pixel_id", "public"."tenants"."meta_capi_token", "public"."tenants"."meta_whatsapp_phone_id", "public"."tenants"."meta_whatsapp_token", "public"."tenants"."meta_instagram_page_id", "public"."tenants"."meta_instagram_access_token", "public"."tenants"."sendgrid_api_key", "public"."tenants"."ghl_api_key", "public"."tenants"."ghl_location_id", "public"."tenants"."hubspot_api_key", "public"."tenants"."alert_email", "public"."tenants"."hot_lead_alert_enabled", "public"."tenants"."daily_digest_enabled", "public"."tenants"."ad_account_id", "public"."tenants"."google_calendar_refresh_token", "public"."tenants"."calendly_api_key" FROM "public"."tenants" WHERE ("public"."tenants"."id" = $1 AND 1=1) LIMIT $2 OFFSET $3
prisma:query SELECT 1
prisma:query SELECT "public"."users"."id", "public"."users"."tenant_id", "public"."users"."role", "public"."users"."is_active" FROM "public"."users" WHERE ("public"."users"."id" = $1 AND 1=1) LIMIT $2 OFFSET $3
prisma:query SELECT "public"."users"."id", "public"."users"."tenant_id", "public"."users"."role", "public"."users"."is_active" FROM "public"."users" WHERE ("public"."users"."id" = $1 AND 1=1) LIMIT $2 OFFSET $3
prisma:query BEGIN
prisma:query SELECT 1
prisma:query BEGIN
prisma:query SELECT set_config('app.tenant_id', $1, true)
prisma:query SELECT set_config('app.tenant_id', $1, true)
prisma:query SELECT 1
prisma:query SELECT 1
prisma:query SELECT 1
prisma:query SELECT 1
prisma:query SELECT 1
prisma:query SELECT 1
prisma:query SELECT 1
prisma:query SELECT 1
prisma:query SELECT 1
prisma:query SELECT COUNT("public"."leads"."id"), "public"."leads"."pipeline_stage" FROM "public"."leads" WHERE ("public"."leads"."tenant_id" = $1 AND "public"."leads"."deleted_at" IS NULL) GROUP BY "public"."leads"."pipeline_stage" OFFSET $2
prisma:query SELECT COUNT(*) FROM (SELECT "public"."leads"."id" FROM "public"."leads" WHERE ("public"."leads"."tenant_id" = $1 AND "public"."leads"."deleted_at" IS NULL AND "public"."leads"."created_at" >= $2) OFFSET $3) AS "sub"
prisma:query SELECT COUNT(*) FROM (SELECT "public"."leads"."id" FROM "public"."leads" WHERE ("public"."leads"."tenant_id" = $1 AND "public"."leads"."deleted_at" IS NULL) OFFSET $2) AS "sub"
prisma:query SELECT COUNT(*) FROM (SELECT "public"."leads"."id" FROM "public"."leads" WHERE ("public"."leads"."tenant_id" = $1 AND "public"."leads"."deleted_at" IS NULL AND "public"."leads"."created_at" >= $2) OFFSET $3) AS "sub"
prisma:query SELECT COUNT(*) FROM (SELECT "public"."leads"."id" FROM "public"."leads" WHERE ("public"."leads"."tenant_id" = $1 AND "public"."leads"."deleted_at" IS NULL AND "public"."leads"."created_at" >= $2) OFFSET $3) AS "sub"
prisma:query SELECT AVG("quiz_score"), AVG("behavior_score"), AVG("engagement_score"), AVG("demographic_score") FROM (SELECT "public"."leads"."quiz_score", "public"."leads"."behavior_score", "public"."leads"."engagement_score", "public"."leads"."demographic_score" FROM "public"."leads" WHERE ("public"."leads"."tenant_id" = $1 AND "public"."leads"."deleted_at" IS NULL AND "public"."leads"."created_at" >= $2) OFFSET $3) AS "sub"
prisma:query SELECT "public"."leads"."id", "public"."leads"."email", "public"."leads"."phone", "public"."leads"."first_name", "public"."leads"."last_name", "public"."leads"."company", "public"."leads"."segment", "public"."leads"."quiz_score", "public"."leads"."behavior_score", "public"."leads"."engagement_score", "public"."leads"."demographic_score", "public"."leads"."pipeline_stage", "public"."leads"."source", "public"."leads"."created_at", "public"."leads"."last_seen_at", "public"."leads"."assigned_to", "public"."leads"."tags" FROM "public"."leads" WHERE ("public"."leads"."tenant_id" = $1 AND "public"."leads"."deleted_at" IS NULL) ORDER BY "public"."leads"."created_at" DESC LIMIT $2 OFFSET $3
prisma:query SELECT "public"."funnels"."id", "public"."funnels"."name", "public"."funnels"."slug", "public"."funnels"."total_views", "public"."funnels"."total_starts", "public"."funnels"."total_completions", "public"."funnels"."status" FROM "public"."funnels" WHERE "public"."funnels"."tenant_id" = $1 ORDER BY "public"."funnels"."total_completions" DESC LIMIT $2 OFFSET $3
prisma:query SELECT COUNT("public"."leads"."id"), "public"."leads"."segment" FROM "public"."leads" WHERE ("public"."leads"."tenant_id" = $1 AND "public"."leads"."deleted_at" IS NULL AND "public"."leads"."created_at" >= $2) GROUP BY "public"."leads"."segment" OFFSET $3
prisma:query COMMIT
prisma:query SELECT COUNT(*) FROM (SELECT "public"."leads"."id" FROM "public"."leads" WHERE ("public"."leads"."tenant_id" = $1 AND "public"."leads"."deleted_at" IS NULL AND "public"."leads"."created_at" >= $2 AND "public"."leads"."quiz_completion_percentage" >= $3) OFFSET $4) AS "sub"
prisma:query COMMIT
prisma:query SELECT "public"."users"."id", "public"."users"."tenant_id", "public"."users"."role", "public"."users"."is_active" FROM "public"."users" WHERE ("public"."users"."id" = $1 AND 1=1) LIMIT $2 OFFSET $3
prisma:query BEGIN
prisma:query SELECT set_config('app.tenant_id', $1, true)
prisma:query SELECT "public"."funnels"."id", "public"."funnels"."name", "public"."funnels"."slug", "public"."funnels"."description", "public"."funnels"."status", "public"."funnels"."total_views", "public"."funnels"."total_starts", "public"."funnels"."total_completions", "public"."funnels"."published_at", "public"."funnels"."created_at", "public"."funnels"."updated_at" FROM "public"."funnels" WHERE "public"."funnels"."tenant_id" = $1 ORDER BY "public"."funnels"."updated_at" DESC OFFSET $2
prisma:query COMMIT
prisma:query SELECT "public"."users"."id", "public"."users"."tenant_id", "public"."users"."role", "public"."users"."is_active" FROM "public"."users" WHERE ("public"."users"."id" = $1 AND 1=1) LIMIT $2 OFFSET $3
prisma:query BEGIN
prisma:query SELECT set_config('app.tenant_id', $1, true)
prisma:query SELECT COUNT(*) FROM (SELECT "public"."leads"."id" FROM "public"."leads" WHERE ("public"."leads"."tenant_id" = $1 AND "public"."leads"."deleted_at" IS NULL) OFFSET $2) AS "sub"
prisma:query SELECT "public"."leads"."id", "public"."leads"."email", "public"."leads"."phone", "public"."leads"."first_name", "public"."leads"."last_name", "public"."leads"."company", "public"."leads"."segment", "public"."leads"."quiz_score", "public"."leads"."behavior_score", "public"."leads"."engagement_score", "public"."leads"."demographic_score", "public"."leads"."pipeline_stage", "public"."leads"."source", "public"."leads"."created_at", "public"."leads"."last_seen_at", "public"."leads"."assigned_to", "public"."leads"."tags" FROM "public"."leads" WHERE ("public"."leads"."tenant_id" = $1 AND "public"."leads"."deleted_at" IS NULL) ORDER BY "public"."leads"."created_at" DESC LIMIT $2 OFFSET $3
prisma:query COMMIT
[95m[Nest] 30542  - [39m24/05/2026, 21:34:05 [95m  DEBUG[39m [38;5;3m[RealtimeGateway] [39m[95mClient 1QJ6gynTxduEFB2DAAAC joined room 00000000-0000-0000-0000-000000000001[39m
[95m[Nest] 30542  - [39m24/05/2026, 21:34:10 [95m  DEBUG[39m [38;5;3m[RealtimeGateway] [39m[95mClient 1QJ6gynTxduEFB2DAAAC disconnected[39m
prisma:query SELECT "public"."users"."id", "public"."users"."tenant_id", "public"."users"."role", "public"."users"."is_active" FROM "public"."users" WHERE ("public"."users"."id" = $1 AND 1=1) LIMIT $2 OFFSET $3
prisma:query BEGIN
prisma:query SELECT set_config('app.tenant_id', $1, true)
prisma:query SELECT "public"."users"."id", "public"."users"."tenant_id", "public"."users"."role", "public"."users"."is_active" FROM "public"."users" WHERE ("public"."users"."id" = $1 AND 1=1) LIMIT $2 OFFSET $3
prisma:query SELECT "public"."users"."id", "public"."users"."tenant_id", "public"."users"."role", "public"."users"."is_active" FROM "public"."users" WHERE ("public"."users"."id" = $1 AND 1=1) LIMIT $2 OFFSET $3
prisma:query SELECT "public"."users"."id", "public"."users"."tenant_id", "public"."users"."role", "public"."users"."is_active" FROM "public"."users" WHERE ("public"."users"."id" = $1 AND 1=1) LIMIT $2 OFFSET $3
prisma:query SELECT "public"."users"."id", "public"."users"."tenant_id", "public"."users"."role", "public"."users"."is_active" FROM "public"."users" WHERE ("public"."users"."id" = $1 AND 1=1) LIMIT $2 OFFSET $3
prisma:query SELECT "public"."users"."id", "public"."users"."tenant_id", "public"."users"."role", "public"."users"."is_active" FROM "public"."users" WHERE ("public"."users"."id" = $1 AND 1=1) LIMIT $2 OFFSET $3
prisma:query BEGIN
prisma:query BEGIN
prisma:query BEGIN
prisma:query BEGIN
prisma:query SELECT set_config('app.tenant_id', $1, true)
prisma:query SELECT set_config('app.tenant_id', $1, true)
prisma:query SELECT set_config('app.tenant_id', $1, true)
prisma:query SELECT set_config('app.tenant_id', $1, true)
prisma:query SELECT COUNT(*) FROM (SELECT "public"."leads"."id" FROM "public"."leads" WHERE ("public"."leads"."tenant_id" = $1 AND "public"."leads"."deleted_at" IS NULL AND "public"."leads"."created_at" >= $2) OFFSET $3) AS "sub"
prisma:query SELECT COUNT(*) FROM (SELECT "public"."leads"."id" FROM "public"."leads" WHERE ("public"."leads"."tenant_id" = $1 AND "public"."leads"."deleted_at" IS NULL AND "public"."leads"."segment" = $2) OFFSET $3) AS "sub"
prisma:query SELECT "public"."ad_campaigns"."id", "public"."ad_campaigns"."tenant_id", "public"."ad_campaigns"."ads_account_id", "public"."ad_campaigns"."external_id", "public"."ad_campaigns"."name", "public"."ad_campaigns"."status", "public"."ad_campaigns"."objective", "public"."ad_campaigns"."budget_daily", "public"."ad_campaigns"."budget_total", "public"."ad_campaigns"."platform", "public"."ad_campaigns"."last_synced_at", "public"."ad_campaigns"."created_at", "public"."ad_campaigns"."updated_at" FROM "public"."ad_campaigns" WHERE "public"."ad_campaigns"."tenant_id" = $1 ORDER BY "public"."ad_campaigns"."updated_at" DESC OFFSET $2
prisma:query SELECT SUM("spend_amount") FROM (SELECT "public"."ad_spend"."spend_amount" FROM "public"."ad_spend" WHERE ("public"."ad_spend"."tenant_id" = $1 AND "public"."ad_spend"."period_start" >= $2) OFFSET $3) AS "sub"
prisma:query 
      SELECT
        COALESCE(campaign_name, 'Sin nombre') AS campaign_name,
        LOWER(source) AS platform,
        COALESCE(SUM(spend_amount), 0) AS spend
      FROM ad_spend
      WHERE tenant_id = $1::uuid
        AND period_start >= $2
      GROUP BY campaign_name, source
      ORDER BY spend DESC
    
prisma:query SELECT "public"."ads_accounts"."id", "public"."ads_accounts"."tenant_id", "public"."ads_accounts"."name", "public"."ads_accounts"."platform", "public"."ads_accounts"."external_account_id", "public"."ads_accounts"."access_token", "public"."ads_accounts"."status", "public"."ads_accounts"."is_default", "public"."ads_accounts"."last_synced_at", "public"."ads_accounts"."sync_error_message", "public"."ads_accounts"."created_at", "public"."ads_accounts"."updated_at", COALESCE("aggr_selection_0_AdCampaign"."_aggr_count_campaigns", 0) AS "_aggr_count_campaigns" FROM "public"."ads_accounts" LEFT JOIN (SELECT "public"."ad_campaigns"."ads_account_id", COUNT(*) AS "_aggr_count_campaigns" FROM "public"."ad_campaigns" WHERE 1=1 GROUP BY "public"."ad_campaigns"."ads_account_id") AS "aggr_selection_0_AdCampaign" ON ("public"."ads_accounts"."id" = "aggr_selection_0_AdCampaign"."ads_account_id") WHERE "public"."ads_accounts"."tenant_id" = $1 ORDER BY "public"."ads_accounts"."is_default" DESC, "public"."ads_accounts"."created_at" ASC OFFSET $2
prisma:query BEGIN
prisma:query SELECT "public"."ad_campaign_metrics"."id", "public"."ad_campaign_metrics"."campaign_id", "public"."ad_campaign_metrics"."tenant_id", "public"."ad_campaign_metrics"."date", "public"."ad_campaign_metrics"."impressions", "public"."ad_campaign_metrics"."clicks", "public"."ad_campaign_metrics"."spend", "public"."ad_campaign_metrics"."leads", "public"."ad_campaign_metrics"."reach", "public"."ad_campaign_metrics"."frequency", "public"."ad_campaign_metrics"."cpm", "public"."ad_campaign_metrics"."cpc", "public"."ad_campaign_metrics"."ctr" FROM "public"."ad_campaign_metrics" WHERE "public"."ad_campaign_metrics"."campaign_id" IN ($1,$2,$3,$4) ORDER BY "public"."ad_campaign_metrics"."date" DESC OFFSET $5
prisma:query COMMIT
prisma:query COMMIT
prisma:query 
      SELECT
        COALESCE(d.campaign_name, 'Sin nombre') AS campaign_name,
        COUNT(d.id) AS deals,
        COALESCE(SUM(d.amount), 0) AS revenue
      FROM deals d
      WHERE d.tenant_id = $1::uuid
        AND d.stage = 'won'
        AND d.created_at >= $2
      GROUP BY d.campaign_name
    
prisma:query SELECT set_config('app.tenant_id', $1, true)
prisma:query SELECT SUM("amount"), COUNT("id") FROM (SELECT "public"."deals"."amount", "public"."deals"."id" FROM "public"."deals" WHERE ("public"."deals"."tenant_id" = $1 AND "public"."deals"."stage" = $2 AND "public"."deals"."closed_at" >= $3) OFFSET $4) AS "sub"
prisma:query 
      SELECT
        COALESCE(utm_campaign, 'Sin nombre') AS campaign_name,
        COUNT(*) AS leads
      FROM leads
      WHERE tenant_id = $1::uuid
        AND deleted_at IS NULL
        AND created_at >= $2
        AND utm_campaign IS NOT NULL
      GROUP BY utm_campaign
    
prisma:query COMMIT
prisma:query SELECT "public"."users"."id", "public"."users"."tenant_id", "public"."users"."role", "public"."users"."is_active" FROM "public"."users" WHERE ("public"."users"."id" = $1 AND 1=1) LIMIT $2 OFFSET $3
prisma:query SELECT "public"."leads"."id", "public"."leads"."email", "public"."leads"."phone", "public"."leads"."first_name", "public"."leads"."last_name", "public"."leads"."company", "public"."leads"."segment", "public"."leads"."quiz_score", "public"."leads"."behavior_score", "public"."leads"."engagement_score", "public"."leads"."demographic_score", "public"."leads"."pipeline_stage", "public"."leads"."source", "public"."leads"."created_at", "public"."leads"."last_seen_at", "public"."leads"."assigned_to", "public"."leads"."tags" FROM "public"."leads" WHERE ("public"."leads"."tenant_id" = $1 AND "public"."leads"."deleted_at" IS NULL AND "public"."leads"."segment" = $2) ORDER BY "public"."leads"."created_at" DESC LIMIT $3 OFFSET $4
prisma:query SELECT "public"."leads"."id", "public"."leads"."email", "public"."leads"."phone", "public"."leads"."first_name", "public"."leads"."last_name", "public"."leads"."company", "public"."leads"."segment", "public"."leads"."quiz_score", "public"."leads"."behavior_score", "public"."leads"."engagement_score", "public"."leads"."demographic_score", "public"."leads"."pipeline_stage", "public"."leads"."source", "public"."leads"."created_at", "public"."leads"."last_seen_at", "public"."leads"."assigned_to", "public"."leads"."tags" FROM "public"."leads" WHERE ("public"."leads"."tenant_id" = $1 AND "public"."leads"."deleted_at" IS NULL AND "public"."leads"."segment" = $2) ORDER BY "public"."leads"."created_at" DESC LIMIT $3 OFFSET $4
prisma:query BEGIN
prisma:query SELECT COUNT(*) FROM (SELECT "public"."leads"."id" FROM "public"."leads" WHERE ("public"."leads"."tenant_id" = $1 AND "public"."leads"."deleted_at" IS NULL AND "public"."leads"."segment" = $2) OFFSET $3) AS "sub"
prisma:query COMMIT
prisma:query COMMIT
prisma:query COMMIT
prisma:query SELECT "public"."users"."id", "public"."users"."tenant_id", "public"."users"."role", "public"."users"."is_active" FROM "public"."users" WHERE ("public"."users"."id" = $1 AND 1=1) LIMIT $2 OFFSET $3
prisma:query SELECT set_config('app.tenant_id', $1, true)
prisma:query SELECT "public"."users"."id", "public"."users"."tenant_id", "public"."users"."role", "public"."users"."is_active" FROM "public"."users" WHERE ("public"."users"."id" = $1 AND 1=1) LIMIT $2 OFFSET $3
prisma:query BEGIN
prisma:query BEGIN
prisma:query SELECT "public"."ads_accounts"."id", "public"."ads_accounts"."tenant_id", "public"."ads_accounts"."name", "public"."ads_accounts"."platform", "public"."ads_accounts"."external_account_id", "public"."ads_accounts"."access_token", "public"."ads_accounts"."status", "public"."ads_accounts"."is_default", "public"."ads_accounts"."last_synced_at", "public"."ads_accounts"."sync_error_message", "public"."ads_accounts"."created_at", "public"."ads_accounts"."updated_at", COALESCE("aggr_selection_0_AdCampaign"."_aggr_count_campaigns", 0) AS "_aggr_count_campaigns" FROM "public"."ads_accounts" LEFT JOIN (SELECT "public"."ad_campaigns"."ads_account_id", COUNT(*) AS "_aggr_count_campaigns" FROM "public"."ad_campaigns" WHERE 1=1 GROUP BY "public"."ad_campaigns"."ads_account_id") AS "aggr_selection_0_AdCampaign" ON ("public"."ads_accounts"."id" = "aggr_selection_0_AdCampaign"."ads_account_id") WHERE "public"."ads_accounts"."tenant_id" = $1 ORDER BY "public"."ads_accounts"."is_default" DESC, "public"."ads_accounts"."created_at" ASC OFFSET $2
prisma:query SELECT set_config('app.tenant_id', $1, true)
prisma:query SELECT set_config('app.tenant_id', $1, true)
prisma:query COMMIT
prisma:query SELECT "public"."users"."id", "public"."users"."tenant_id", "public"."users"."role", "public"."users"."is_active" FROM "public"."users" WHERE ("public"."users"."id" = $1 AND 1=1) LIMIT $2 OFFSET $3
prisma:query BEGIN
prisma:query SELECT COUNT(*) FROM (SELECT "public"."leads"."id" FROM "public"."leads" WHERE ("public"."leads"."tenant_id" = $1 AND "public"."leads"."deleted_at" IS NULL AND "public"."leads"."created_at" >= $2) OFFSET $3) AS "sub"
prisma:query SELECT "public"."ad_campaigns"."id", "public"."ad_campaigns"."tenant_id", "public"."ad_campaigns"."ads_account_id", "public"."ad_campaigns"."external_id", "public"."ad_campaigns"."name", "public"."ad_campaigns"."status", "public"."ad_campaigns"."objective", "public"."ad_campaigns"."budget_daily", "public"."ad_campaigns"."budget_total", "public"."ad_campaigns"."platform", "public"."ad_campaigns"."last_synced_at", "public"."ad_campaigns"."created_at", "public"."ad_campaigns"."updated_at" FROM "public"."ad_campaigns" WHERE "public"."ad_campaigns"."tenant_id" = $1 ORDER BY "public"."ad_campaigns"."updated_at" DESC OFFSET $2
prisma:query SELECT SUM("spend_amount") FROM (SELECT "public"."ad_spend"."spend_amount" FROM "public"."ad_spend" WHERE ("public"."ad_spend"."tenant_id" = $1 AND "public"."ad_spend"."period_start" >= $2) OFFSET $3) AS "sub"
prisma:query SELECT "public"."ad_campaign_metrics"."id", "public"."ad_campaign_metrics"."campaign_id", "public"."ad_campaign_metrics"."tenant_id", "public"."ad_campaign_metrics"."date", "public"."ad_campaign_metrics"."impressions", "public"."ad_campaign_metrics"."clicks", "public"."ad_campaign_metrics"."spend", "public"."ad_campaign_metrics"."leads", "public"."ad_campaign_metrics"."reach", "public"."ad_campaign_metrics"."frequency", "public"."ad_campaign_metrics"."cpm", "public"."ad_campaign_metrics"."cpc", "public"."ad_campaign_metrics"."ctr" FROM "public"."ad_campaign_metrics" WHERE "public"."ad_campaign_metrics"."campaign_id" IN ($1,$2,$3,$4) ORDER BY "public"."ad_campaign_metrics"."date" DESC OFFSET $5
prisma:query SELECT "public"."users"."id", "public"."users"."tenant_id", "public"."users"."role", "public"."users"."is_active" FROM "public"."users" WHERE ("public"."users"."id" = $1 AND 1=1) LIMIT $2 OFFSET $3
prisma:query COMMIT
prisma:query BEGIN
prisma:query BEGIN
prisma:query SELECT set_config('app.tenant_id', $1, true)
prisma:query SELECT set_config('app.tenant_id', $1, true)
prisma:query SELECT set_config('app.tenant_id', $1, true)
prisma:query SELECT COUNT(*) FROM (SELECT "public"."leads"."id" FROM "public"."leads" WHERE ("public"."leads"."tenant_id" = $1 AND "public"."leads"."deleted_at" IS NULL AND "public"."leads"."segment" = $2) OFFSET $3) AS "sub"
prisma:query SELECT "public"."leads"."id", "public"."leads"."email", "public"."leads"."phone", "public"."leads"."first_name", "public"."leads"."last_name", "public"."leads"."company", "public"."leads"."segment", "public"."leads"."quiz_score", "public"."leads"."behavior_score", "public"."leads"."engagement_score", "public"."leads"."demographic_score", "public"."leads"."pipeline_stage", "public"."leads"."source", "public"."leads"."created_at", "public"."leads"."last_seen_at", "public"."leads"."assigned_to", "public"."leads"."tags" FROM "public"."leads" WHERE ("public"."leads"."tenant_id" = $1 AND "public"."leads"."deleted_at" IS NULL AND "public"."leads"."segment" = $2) ORDER BY "public"."leads"."created_at" DESC LIMIT $3 OFFSET $4
prisma:query COMMIT
prisma:query SELECT SUM("amount"), COUNT("id") FROM (SELECT "public"."deals"."amount", "public"."deals"."id" FROM "public"."deals" WHERE ("public"."deals"."tenant_id" = $1 AND "public"."deals"."stage" = $2 AND "public"."deals"."closed_at" >= $3) OFFSET $4) AS "sub"
prisma:query SELECT COUNT(*) FROM (SELECT "public"."leads"."id" FROM "public"."leads" WHERE ("public"."leads"."tenant_id" = $1 AND "public"."leads"."deleted_at" IS NULL AND "public"."leads"."segment" = $2) OFFSET $3) AS "sub"
prisma:query SELECT "public"."leads"."id", "public"."leads"."email", "public"."leads"."phone", "public"."leads"."first_name", "public"."leads"."last_name", "public"."leads"."company", "public"."leads"."segment", "public"."leads"."quiz_score", "public"."leads"."behavior_score", "public"."leads"."engagement_score", "public"."leads"."demographic_score", "public"."leads"."pipeline_stage", "public"."leads"."source", "public"."leads"."created_at", "public"."leads"."last_seen_at", "public"."leads"."assigned_to", "public"."leads"."tags" FROM "public"."leads" WHERE ("public"."leads"."tenant_id" = $1 AND "public"."leads"."deleted_at" IS NULL AND "public"."leads"."segment" = $2) ORDER BY "public"."leads"."created_at" DESC LIMIT $3 OFFSET $4
prisma:query COMMIT
prisma:query COMMIT
prisma:query COMMIT
prisma:query SELECT "public"."users"."id", "public"."users"."tenant_id", "public"."users"."role", "public"."users"."is_active" FROM "public"."users" WHERE ("public"."users"."id" = $1 AND 1=1) LIMIT $2 OFFSET $3
prisma:query SELECT "public"."users"."id", "public"."users"."tenant_id", "public"."users"."role", "public"."users"."is_active" FROM "public"."users" WHERE ("public"."users"."id" = $1 AND 1=1) LIMIT $2 OFFSET $3
prisma:query SELECT "public"."users"."id", "public"."users"."tenant_id", "public"."users"."role", "public"."users"."is_active" FROM "public"."users" WHERE ("public"."users"."id" = $1 AND 1=1) LIMIT $2 OFFSET $3
prisma:query SELECT "public"."users"."id", "public"."users"."tenant_id", "public"."users"."role", "public"."users"."is_active" FROM "public"."users" WHERE ("public"."users"."id" = $1 AND 1=1) LIMIT $2 OFFSET $3
prisma:query BEGIN
prisma:query BEGIN
prisma:query BEGIN
prisma:query 
      SELECT
        COALESCE(campaign_name, 'Sin nombre') AS campaign_name,
        LOWER(source) AS platform,
        COALESCE(SUM(spend_amount), 0) AS spend
      FROM ad_spend
      WHERE tenant_id = $1::uuid
        AND period_start >= $2
      GROUP BY campaign_name, source
      ORDER BY spend DESC
    
prisma:query SELECT "public"."users"."id", "public"."users"."tenant_id", "public"."users"."role", "public"."users"."is_active" FROM "public"."users" WHERE ("public"."users"."id" = $1 AND 1=1) LIMIT $2 OFFSET $3
prisma:query SELECT set_config('app.tenant_id', $1, true)
prisma:query SELECT set_config('app.tenant_id', $1, true)
prisma:query SELECT set_config('app.tenant_id', $1, true)
prisma:query BEGIN
prisma:query 
      SELECT
        COALESCE(d.campaign_name, 'Sin nombre') AS campaign_name,
        COUNT(d.id) AS deals,
        COALESCE(SUM(d.amount), 0) AS revenue
      FROM deals d
      WHERE d.tenant_id = $1::uuid
        AND d.stage = 'won'
        AND d.created_at >= $2
      GROUP BY d.campaign_name
    
prisma:query SELECT set_config('app.tenant_id', $1, true)
prisma:query SELECT "public"."ad_campaigns"."id", "public"."ad_campaigns"."tenant_id", "public"."ad_campaigns"."ads_account_id", "public"."ad_campaigns"."external_id", "public"."ad_campaigns"."name", "public"."ad_campaigns"."status", "public"."ad_campaigns"."objective", "public"."ad_campaigns"."budget_daily", "public"."ad_campaigns"."budget_total", "public"."ad_campaigns"."platform", "public"."ad_campaigns"."last_synced_at", "public"."ad_campaigns"."created_at", "public"."ad_campaigns"."updated_at" FROM "public"."ad_campaigns" WHERE ("public"."ad_campaigns"."tenant_id" = $1 AND "public"."ad_campaigns"."ads_account_id" = $2) ORDER BY "public"."ad_campaigns"."updated_at" DESC OFFSET $3
prisma:query SELECT COUNT(*) FROM (SELECT "public"."leads"."id" FROM "public"."leads" WHERE ("public"."leads"."tenant_id" = $1 AND "public"."leads"."deleted_at" IS NULL AND "public"."leads"."created_at" >= $2) OFFSET $3) AS "sub"
prisma:query SELECT COUNT(*) FROM (SELECT "public"."leads"."id" FROM "public"."leads" WHERE ("public"."leads"."tenant_id" = $1 AND "public"."leads"."deleted_at" IS NULL AND "public"."leads"."segment" = $2) OFFSET $3) AS "sub"
prisma:query SELECT SUM("spend_amount") FROM (SELECT "public"."ad_spend"."spend_amount" FROM "public"."ad_spend" WHERE ("public"."ad_spend"."tenant_id" = $1 AND "public"."ad_spend"."period_start" >= $2) OFFSET $3) AS "sub"
prisma:query COMMIT
prisma:query SELECT "public"."leads"."id", "public"."leads"."email", "public"."leads"."phone", "public"."leads"."first_name", "public"."leads"."last_name", "public"."leads"."company", "public"."leads"."segment", "public"."leads"."quiz_score", "public"."leads"."behavior_score", "public"."leads"."engagement_score", "public"."leads"."demographic_score", "public"."leads"."pipeline_stage", "public"."leads"."source", "public"."leads"."created_at", "public"."leads"."last_seen_at", "public"."leads"."assigned_to", "public"."leads"."tags" FROM "public"."leads" WHERE ("public"."leads"."tenant_id" = $1 AND "public"."leads"."deleted_at" IS NULL AND "public"."leads"."segment" = $2) ORDER BY "public"."leads"."created_at" DESC LIMIT $3 OFFSET $4
prisma:query BEGIN
prisma:query SELECT COUNT(*) FROM (SELECT "public"."leads"."id" FROM "public"."leads" WHERE ("public"."leads"."tenant_id" = $1 AND "public"."leads"."deleted_at" IS NULL AND "public"."leads"."segment" = $2) OFFSET $3) AS "sub"
prisma:query 
      SELECT
        COALESCE(utm_campaign, 'Sin nombre') AS campaign_name,
        COUNT(*) AS leads
      FROM leads
      WHERE tenant_id = $1::uuid
        AND deleted_at IS NULL
        AND created_at >= $2
        AND utm_campaign IS NOT NULL
      GROUP BY utm_campaign
    
prisma:query SELECT "public"."leads"."id", "public"."leads"."email", "public"."leads"."phone", "public"."leads"."first_name", "public"."leads"."last_name", "public"."leads"."company", "public"."leads"."segment", "public"."leads"."quiz_score", "public"."leads"."behavior_score", "public"."leads"."engagement_score", "public"."leads"."demographic_score", "public"."leads"."pipeline_stage", "public"."leads"."source", "public"."leads"."created_at", "public"."leads"."last_seen_at", "public"."leads"."assigned_to", "public"."leads"."tags" FROM "public"."leads" WHERE ("public"."leads"."tenant_id" = $1 AND "public"."leads"."deleted_at" IS NULL AND "public"."leads"."segment" = $2) ORDER BY "public"."leads"."created_at" DESC LIMIT $3 OFFSET $4
prisma:query SELECT set_config('app.tenant_id', $1, true)
prisma:query COMMIT
prisma:query COMMIT
prisma:query SELECT SUM("amount"), COUNT("id") FROM (SELECT "public"."deals"."amount", "public"."deals"."id" FROM "public"."deals" WHERE ("public"."deals"."tenant_id" = $1 AND "public"."deals"."stage" = $2 AND "public"."deals"."closed_at" >= $3) OFFSET $4) AS "sub"
prisma:query COMMIT
prisma:query COMMIT
prisma:query SELECT "public"."users"."id", "public"."users"."tenant_id", "public"."users"."role", "public"."users"."is_active" FROM "public"."users" WHERE ("public"."users"."id" = $1 AND 1=1) LIMIT $2 OFFSET $3
prisma:query SELECT "public"."users"."id", "public"."users"."tenant_id", "public"."users"."role", "public"."users"."is_active" FROM "public"."users" WHERE ("public"."users"."id" = $1 AND 1=1) LIMIT $2 OFFSET $3
prisma:query BEGIN
prisma:query BEGIN
prisma:query SELECT set_config('app.tenant_id', $1, true)
prisma:query SELECT set_config('app.tenant_id', $1, true)
prisma:query SELECT "public"."ads_accounts"."id", "public"."ads_accounts"."tenant_id", "public"."ads_accounts"."name", "public"."ads_accounts"."platform", "public"."ads_accounts"."external_account_id", "public"."ads_accounts"."access_token", "public"."ads_accounts"."status", "public"."ads_accounts"."is_default", "public"."ads_accounts"."last_synced_at", "public"."ads_accounts"."sync_error_message", "public"."ads_accounts"."created_at", "public"."ads_accounts"."updated_at" FROM "public"."ads_accounts" WHERE ("public"."ads_accounts"."tenant_id" = $1 AND "public"."ads_accounts"."platform" = $2 AND "public"."ads_accounts"."external_account_id" = $3) LIMIT $4 OFFSET $5
prisma:query COMMIT
[95m[Nest] 30542  - [39m24/05/2026, 21:34:12 [95m  DEBUG[39m [38;5;3m[GoogleAdsService] [39m[95mRefrescando access_token para account fd189834-e423-4c83-9fcf-4f61da1a4b5e[39m
prisma:query SELECT "public"."ads_accounts"."id", "public"."ads_accounts"."tenant_id", "public"."ads_accounts"."name", "public"."ads_accounts"."platform", "public"."ads_accounts"."external_account_id", "public"."ads_accounts"."access_token", "public"."ads_accounts"."status", "public"."ads_accounts"."is_default", "public"."ads_accounts"."last_synced_at", "public"."ads_accounts"."sync_error_message", "public"."ads_accounts"."created_at", "public"."ads_accounts"."updated_at" FROM "public"."ads_accounts" WHERE ("public"."ads_accounts"."tenant_id" = $1 AND "public"."ads_accounts"."platform" = $2 AND "public"."ads_accounts"."external_account_id" = $3) LIMIT $4 OFFSET $5
prisma:query COMMIT
[95m[Nest] 30542  - [39m24/05/2026, 21:34:12 [95m  DEBUG[39m [38;5;3m[GoogleAdsService] [39m[95mRefrescando access_token para account fd189834-e423-4c83-9fcf-4f61da1a4b5e[39m
prisma:query BEGIN
prisma:query SELECT set_config('app.tenant_id', $1, true)
prisma:query BEGIN
prisma:query SELECT set_config('app.tenant_id', $1, true)
prisma:query UPDATE "public"."ads_accounts" SET "access_token" = $1, "updated_at" = $2 WHERE ("public"."ads_accounts"."id" = $3 AND 1=1) RETURNING "public"."ads_accounts"."id", "public"."ads_accounts"."tenant_id", "public"."ads_accounts"."name", "public"."ads_accounts"."platform", "public"."ads_accounts"."external_account_id", "public"."ads_accounts"."access_token", "public"."ads_accounts"."status", "public"."ads_accounts"."is_default", "public"."ads_accounts"."last_synced_at", "public"."ads_accounts"."sync_error_message", "public"."ads_accounts"."created_at", "public"."ads_accounts"."updated_at"
prisma:query COMMIT
prisma:query UPDATE "public"."ads_accounts" SET "access_token" = $1, "updated_at" = $2 WHERE ("public"."ads_accounts"."id" = $3 AND 1=1) RETURNING "public"."ads_accounts"."id", "public"."ads_accounts"."tenant_id", "public"."ads_accounts"."name", "public"."ads_accounts"."platform", "public"."ads_accounts"."external_account_id", "public"."ads_accounts"."access_token", "public"."ads_accounts"."status", "public"."ads_accounts"."is_default", "public"."ads_accounts"."last_synced_at", "public"."ads_accounts"."sync_error_message", "public"."ads_accounts"."created_at", "public"."ads_accounts"."updated_at"
prisma:query COMMIT
prisma:query SELECT 1
prisma:query SELECT "public"."users"."id", "public"."users"."tenant_id", "public"."users"."role", "public"."users"."is_active" FROM "public"."users" WHERE ("public"."users"."id" = $1 AND 1=1) LIMIT $2 OFFSET $3
prisma:query SELECT "public"."users"."id", "public"."users"."tenant_id", "public"."users"."role", "public"."users"."is_active" FROM "public"."users" WHERE ("public"."users"."id" = $1 AND 1=1) LIMIT $2 OFFSET $3
prisma:query BEGIN
prisma:query SELECT 1
prisma:query BEGIN
prisma:query SELECT set_config('app.tenant_id', $1, true)
prisma:query SELECT set_config('app.tenant_id', $1, true)
prisma:query SELECT 1
prisma:query SELECT "public"."ads_accounts"."id", "public"."ads_accounts"."tenant_id", "public"."ads_accounts"."name", "public"."ads_accounts"."platform", "public"."ads_accounts"."external_account_id", "public"."ads_accounts"."access_token", "public"."ads_accounts"."status", "public"."ads_accounts"."is_default", "public"."ads_accounts"."last_synced_at", "public"."ads_accounts"."sync_error_message", "public"."ads_accounts"."created_at", "public"."ads_accounts"."updated_at", COALESCE("aggr_selection_0_AdCampaign"."_aggr_count_campaigns", 0) AS "_aggr_count_campaigns" FROM "public"."ads_accounts" LEFT JOIN (SELECT "public"."ad_campaigns"."ads_account_id", COUNT(*) AS "_aggr_count_campaigns" FROM "public"."ad_campaigns" WHERE 1=1 GROUP BY "public"."ad_campaigns"."ads_account_id") AS "aggr_selection_0_AdCampaign" ON ("public"."ads_accounts"."id" = "aggr_selection_0_AdCampaign"."ads_account_id") WHERE "public"."ads_accounts"."tenant_id" = $1 ORDER BY "public"."ads_accounts"."is_default" DESC, "public"."ads_accounts"."created_at" ASC OFFSET $2
prisma:query SELECT "public"."ads_accounts"."id", "public"."ads_accounts"."tenant_id", "public"."ads_accounts"."name", "public"."ads_accounts"."platform", "public"."ads_accounts"."external_account_id", "public"."ads_accounts"."access_token", "public"."ads_accounts"."status", "public"."ads_accounts"."is_default", "public"."ads_accounts"."last_synced_at", "public"."ads_accounts"."sync_error_message", "public"."ads_accounts"."created_at", "public"."ads_accounts"."updated_at", COALESCE("aggr_selection_0_AdCampaign"."_aggr_count_campaigns", 0) AS "_aggr_count_campaigns" FROM "public"."ads_accounts" LEFT JOIN (SELECT "public"."ad_campaigns"."ads_account_id", COUNT(*) AS "_aggr_count_campaigns" FROM "public"."ad_campaigns" WHERE 1=1 GROUP BY "public"."ad_campaigns"."ads_account_id") AS "aggr_selection_0_AdCampaign" ON ("public"."ads_accounts"."id" = "aggr_selection_0_AdCampaign"."ads_account_id") WHERE "public"."ads_accounts"."tenant_id" = $1 ORDER BY "public"."ads_accounts"."is_default" DESC, "public"."ads_accounts"."created_at" ASC OFFSET $2
prisma:query COMMIT
prisma:query COMMIT
prisma:query SELECT "public"."users"."id", "public"."users"."tenant_id", "public"."users"."role", "public"."users"."is_active" FROM "public"."users" WHERE ("public"."users"."id" = $1 AND 1=1) LIMIT $2 OFFSET $3
prisma:query BEGIN
prisma:query BEGIN
prisma:query BEGIN
prisma:query SELECT set_config('app.tenant_id', $1, true)
prisma:query SELECT set_config('app.tenant_id', $1, true)
prisma:query SELECT set_config('app.tenant_id', $1, true)
prisma:query SELECT 1
prisma:query SELECT 1
prisma:query SELECT 1
prisma:query SELECT 1
prisma:query 
          SELECT
            ac.name,
            LOWER(ac.platform) AS platform,
            ac.status,
            COALESCE(ac.impressions, 0)   AS impressions,
            COALESCE(ac.clicks, 0)        AS clicks,
            COALESCE(SUM(ads.spend_amount), 0) AS spend,
            COUNT(DISTINCT l.id)          AS leads
          FROM ad_campaigns ac
          LEFT JOIN ad_spend ads
            ON ads.campaign_id = ac.external_id
           AND ads.tenant_id   = $1::uuid
           AND ads.period_start >= $2
          LEFT JOIN leads l
            ON l.utm_campaign = ac.name
           AND l.tenant_id    = $3::uuid
           AND l.created_at   >= $4
          WHERE ac.tenant_id = $5::uuid
          GROUP BY ac.id, ac.name, ac.platform, ac.status, ac.impressions, ac.clicks
          ORDER BY spend DESC
          LIMIT 20
        
prisma:query 
        SELECT
          COALESCE(source, 'direct') AS source,
          COUNT(*) AS leads,
          ROUND(AVG(COALESCE(quiz_score,0) + COALESCE(behavior_score,0) +
                    COALESCE(engagement_score,0) + COALESCE(demographic_score,0))::numeric, 1) AS avg_score
        FROM leads
        WHERE tenant_id = $1::uuid
          AND deleted_at IS NULL
          AND created_at >= $2
        GROUP BY source
        ORDER BY leads DESC
      
prisma:query SELECT SUM("spend_amount") FROM (SELECT "public"."ad_spend"."spend_amount" FROM "public"."ad_spend" WHERE ("public"."ad_spend"."tenant_id" = $1 AND "public"."ad_spend"."period_start" >= $2) OFFSET $3) AS "sub"
prisma:error 
Invalid `prisma.$queryRaw()` invocation:


Raw query failed. Code: `42703`. Message: `column ac.impressions does not exist`
prisma:query SELECT COUNT(*) FROM (SELECT "public"."leads"."id" FROM "public"."leads" WHERE ("public"."leads"."tenant_id" = $1 AND "public"."leads"."deleted_at" IS NULL AND "public"."leads"."created_at" >= $2) OFFSET $3) AS "sub"
prisma:query 
        SELECT
          COALESCE(l.source, 'direct') AS source,
          COUNT(d.id) AS deals,
          COALESCE(SUM(d.amount), 0) AS revenue
        FROM deals d
        JOIN leads l ON l.id = d.lead_id
        WHERE d.tenant_id = $1::uuid
          AND d.stage = 'won'
          AND d.created_at >= $2
        GROUP BY l.source
      
prisma:query ROLLBACK
prisma:query BEGIN
prisma:query SELECT set_config('app.tenant_id', $1, true)
prisma:query 
        SELECT
          LOWER(source) AS platform,
          COALESCE(SUM(spend_amount), 0) AS spend
        FROM ad_spend
        WHERE tenant_id = $1::uuid
          AND period_start >= $2
        GROUP BY source
      
prisma:query COMMIT
prisma:query SELECT SUM("amount"), COUNT("id") FROM (SELECT "public"."deals"."amount", "public"."deals"."id" FROM "public"."deals" WHERE ("public"."deals"."tenant_id" = $1 AND "public"."deals"."stage" = $2 AND "public"."deals"."closed_at" >= $3) OFFSET $4) AS "sub"
prisma:query COMMIT
prisma:query COMMIT
prisma:query SELECT 1
prisma:query SELECT "public"."users"."id", "public"."users"."tenant_id", "public"."users"."role", "public"."users"."is_active" FROM "public"."users" WHERE ("public"."users"."id" = $1 AND 1=1) LIMIT $2 OFFSET $3
prisma:query BEGIN
prisma:query SELECT set_config('app.tenant_id', $1, true)
prisma:query SELECT 1
prisma:query SELECT "public"."funnels"."id", "public"."funnels"."name", "public"."funnels"."slug", "public"."funnels"."description", "public"."funnels"."status", "public"."funnels"."total_views", "public"."funnels"."total_starts", "public"."funnels"."total_completions", "public"."funnels"."published_at", "public"."funnels"."created_at", "public"."funnels"."updated_at" FROM "public"."funnels" WHERE "public"."funnels"."tenant_id" = $1 ORDER BY "public"."funnels"."updated_at" DESC OFFSET $2
prisma:query COMMIT
prisma:query SELECT "public"."users"."id", "public"."users"."tenant_id", "public"."users"."role", "public"."users"."is_active" FROM "public"."users" WHERE ("public"."users"."id" = $1 AND 1=1) LIMIT $2 OFFSET $3
prisma:query SELECT "public"."users"."id", "public"."users"."tenant_id", "public"."users"."role", "public"."users"."is_active" FROM "public"."users" WHERE ("public"."users"."id" = $1 AND 1=1) LIMIT $2 OFFSET $3
prisma:query SELECT "public"."users"."id", "public"."users"."tenant_id", "public"."users"."role", "public"."users"."is_active" FROM "public"."users" WHERE ("public"."users"."id" = $1 AND 1=1) LIMIT $2 OFFSET $3
prisma:query BEGIN
prisma:query SELECT 1
prisma:query BEGIN
prisma:query SELECT set_config('app.tenant_id', $1, true)
prisma:query SELECT set_config('app.tenant_id', $1, true)
prisma:query SELECT "public"."subscriptions"."id", "public"."subscriptions"."tenant_id", "public"."subscriptions"."stripe_customer_id", "public"."subscriptions"."payment_method_mock", "public"."subscriptions"."stripe_sub_id", "public"."subscriptions"."stripe_price_id", "public"."subscriptions"."plan", "public"."subscriptions"."status", "public"."subscriptions"."current_period_start", "public"."subscriptions"."current_period_end", "public"."subscriptions"."cancel_at_period_end", "public"."subscriptions"."trial_end", "public"."subscriptions"."created_at", "public"."subscriptions"."updated_at" FROM "public"."subscriptions" WHERE ("public"."subscriptions"."tenant_id" = $1 AND 1=1) LIMIT $2 OFFSET $3
prisma:query SELECT 1
prisma:query SELECT "public"."subscriptions"."id", "public"."subscriptions"."tenant_id", "public"."subscriptions"."stripe_customer_id", "public"."subscriptions"."payment_method_mock", "public"."subscriptions"."stripe_sub_id", "public"."subscriptions"."stripe_price_id", "public"."subscriptions"."plan", "public"."subscriptions"."status", "public"."subscriptions"."current_period_start", "public"."subscriptions"."current_period_end", "public"."subscriptions"."cancel_at_period_end", "public"."subscriptions"."trial_end", "public"."subscriptions"."created_at", "public"."subscriptions"."updated_at" FROM "public"."subscriptions" WHERE ("public"."subscriptions"."tenant_id" = $1 AND 1=1) LIMIT $2 OFFSET $3
prisma:query COMMIT
prisma:query SELECT "public"."invoices"."id", "public"."invoices"."tenant_id", "public"."invoices"."subscription_id", "public"."invoices"."stripe_invoice_id", "public"."invoices"."stripe_customer_id", "public"."invoices"."amount_due", "public"."invoices"."amount_paid", "public"."invoices"."currency", "public"."invoices"."status", "public"."invoices"."hosted_invoice_url", "public"."invoices"."invoice_pdf_url", "public"."invoices"."period_start", "public"."invoices"."period_end", "public"."invoices"."created_at" FROM "public"."invoices" WHERE "public"."invoices"."tenant_id" = $1 ORDER BY "public"."invoices"."created_at" DESC LIMIT $2 OFFSET $3
prisma:query SELECT "public"."tenants"."id", "public"."tenants"."plan", "public"."tenants"."max_funnels", "public"."tenants"."max_leads_per_month" FROM "public"."tenants" WHERE ("public"."tenants"."id" = $1 AND 1=1) LIMIT $2 OFFSET $3
prisma:query COMMIT
prisma:query SELECT "public"."users"."id", "public"."users"."tenant_id", "public"."users"."role", "public"."users"."is_active" FROM "public"."users" WHERE ("public"."users"."id" = $1 AND 1=1) LIMIT $2 OFFSET $3
prisma:query BEGIN
prisma:query SELECT set_config('app.tenant_id', $1, true)
prisma:query SELECT "public"."automation_flows"."id", "public"."automation_flows"."name", "public"."automation_flows"."description", "public"."automation_flows"."trigger", "public"."automation_flows"."status", "public"."automation_flows"."run_count", "public"."automation_flows"."last_run_at", "public"."automation_flows"."created_at", "public"."automation_flows"."updated_at" FROM "public"."automation_flows" WHERE ("public"."automation_flows"."tenant_id" = $1 AND "public"."automation_flows"."deleted_at" IS NULL) ORDER BY "public"."automation_flows"."updated_at" DESC OFFSET $2
prisma:query COMMIT
prisma:query SELECT 1
prisma:query SELECT "public"."users"."id", "public"."users"."tenant_id", "public"."users"."role", "public"."users"."is_active" FROM "public"."users" WHERE ("public"."users"."id" = $1 AND 1=1) LIMIT $2 OFFSET $3
prisma:query BEGIN
prisma:query SELECT set_config('app.tenant_id', $1, true)
prisma:query SELECT "public"."automation_flows"."id", "public"."automation_flows"."tenant_id", "public"."automation_flows"."name", "public"."automation_flows"."description", "public"."automation_flows"."trigger", "public"."automation_flows"."status", "public"."automation_flows"."graph", "public"."automation_flows"."last_run_at", "public"."automation_flows"."run_count", "public"."automation_flows"."created_by", "public"."automation_flows"."created_at", "public"."automation_flows"."updated_at", "public"."automation_flows"."deleted_at" FROM "public"."automation_flows" WHERE ("public"."automation_flows"."id" = $1 AND "public"."automation_flows"."tenant_id" = $2 AND "public"."automation_flows"."deleted_at" IS NULL) LIMIT $3 OFFSET $4
prisma:query COMMIT
prisma:query SELECT "public"."users"."id", "public"."users"."tenant_id", "public"."users"."role", "public"."users"."is_active" FROM "public"."users" WHERE ("public"."users"."id" = $1 AND 1=1) LIMIT $2 OFFSET $3
prisma:query BEGIN
prisma:query SELECT set_config('app.tenant_id', $1, true)
prisma:query SELECT 1
prisma:query SELECT "public"."automation_flows"."id", "public"."automation_flows"."tenant_id", "public"."automation_flows"."name", "public"."automation_flows"."description", "public"."automation_flows"."trigger", "public"."automation_flows"."status", "public"."automation_flows"."graph", "public"."automation_flows"."last_run_at", "public"."automation_flows"."run_count", "public"."automation_flows"."created_by", "public"."automation_flows"."created_at", "public"."automation_flows"."updated_at", "public"."automation_flows"."deleted_at" FROM "public"."automation_flows" WHERE ("public"."automation_flows"."id" = $1 AND "public"."automation_flows"."tenant_id" = $2 AND "public"."automation_flows"."deleted_at" IS NULL) LIMIT $3 OFFSET $4
prisma:query COMMIT
prisma:query BEGIN
prisma:query SELECT set_config('app.tenant_id', $1, true)
prisma:query INSERT INTO "public"."automation_flow_runs" ("flow_id","tenant_id","lead_id","status","log","started_at","finished_at") VALUES ($1,$2,$3,$4,$5,$6,$7) RETURNING "public"."automation_flow_runs"."id", "public"."automation_flow_runs"."flow_id", "public"."automation_flow_runs"."tenant_id", "public"."automation_flow_runs"."lead_id", "public"."automation_flow_runs"."status", "public"."automation_flow_runs"."log", "public"."automation_flow_runs"."started_at", "public"."automation_flow_runs"."finished_at"
prisma:query COMMIT
prisma:query BEGIN
prisma:query SELECT set_config('app.tenant_id', $1, true)
prisma:query UPDATE "public"."automation_flows" SET "last_run_at" = $1, "run_count" = ("public"."automation_flows"."run_count" + $2), "updated_at" = $3 WHERE ("public"."automation_flows"."id" = $4 AND 1=1) RETURNING "public"."automation_flows"."id", "public"."automation_flows"."tenant_id", "public"."automation_flows"."name", "public"."automation_flows"."description", "public"."automation_flows"."trigger", "public"."automation_flows"."status", "public"."automation_flows"."graph", "public"."automation_flows"."last_run_at", "public"."automation_flows"."run_count", "public"."automation_flows"."created_by", "public"."automation_flows"."created_at", "public"."automation_flows"."updated_at", "public"."automation_flows"."deleted_at"
prisma:query COMMIT
[32m[Nest] 30542  - [39m24/05/2026, 21:35:09 [32m    LOG[39m [38;5;3m[AutomationFlowsService] [39m[32mFlow 5797ffab-6822-413a-953e-4cbe9338c5a8 executed: 3 nodes processed[39m
prisma:query SELECT "public"."users"."id", "public"."users"."tenant_id", "public"."users"."role", "public"."users"."is_active" FROM "public"."users" WHERE ("public"."users"."id" = $1 AND 1=1) LIMIT $2 OFFSET $3
prisma:query BEGIN
prisma:query SELECT set_config('app.tenant_id', $1, true)
prisma:query SELECT "public"."automation_flows"."id", "public"."automation_flows"."tenant_id", "public"."automation_flows"."name", "public"."automation_flows"."description", "public"."automation_flows"."trigger", "public"."automation_flows"."status", "public"."automation_flows"."graph", "public"."automation_flows"."last_run_at", "public"."automation_flows"."run_count", "public"."automation_flows"."created_by", "public"."automation_flows"."created_at", "public"."automation_flows"."updated_at", "public"."automation_flows"."deleted_at" FROM "public"."automation_flows" WHERE ("public"."automation_flows"."id" = $1 AND "public"."automation_flows"."tenant_id" = $2 AND "public"."automation_flows"."deleted_at" IS NULL) LIMIT $3 OFFSET $4
prisma:query COMMIT
prisma:query BEGIN
prisma:query SELECT set_config('app.tenant_id', $1, true)
prisma:query UPDATE "public"."automation_flows" SET "graph" = $1, "updated_at" = $2 WHERE ("public"."automation_flows"."id" = $3 AND 1=1) RETURNING "public"."automation_flows"."id", "public"."automation_flows"."tenant_id", "public"."automation_flows"."name", "public"."automation_flows"."description", "public"."automation_flows"."trigger", "public"."automation_flows"."status", "public"."automation_flows"."graph", "public"."automation_flows"."last_run_at", "public"."automation_flows"."run_count", "public"."automation_flows"."created_by", "public"."automation_flows"."created_at", "public"."automation_flows"."updated_at", "public"."automation_flows"."deleted_at"
prisma:query COMMIT
prisma:query SELECT 1
prisma:query SELECT "public"."users"."id", "public"."users"."tenant_id", "public"."users"."role", "public"."users"."is_active" FROM "public"."users" WHERE ("public"."users"."id" = $1 AND 1=1) LIMIT $2 OFFSET $3
prisma:query BEGIN
prisma:query SELECT set_config('app.tenant_id', $1, true)
prisma:query SELECT 1
prisma:query SELECT "public"."automation_flows"."id", "public"."automation_flows"."tenant_id", "public"."automation_flows"."name", "public"."automation_flows"."description", "public"."automation_flows"."trigger", "public"."automation_flows"."status", "public"."automation_flows"."graph", "public"."automation_flows"."last_run_at", "public"."automation_flows"."run_count", "public"."automation_flows"."created_by", "public"."automation_flows"."created_at", "public"."automation_flows"."updated_at", "public"."automation_flows"."deleted_at" FROM "public"."automation_flows" WHERE ("public"."automation_flows"."id" = $1 AND "public"."automation_flows"."tenant_id" = $2 AND "public"."automation_flows"."deleted_at" IS NULL) LIMIT $3 OFFSET $4
prisma:query COMMIT
prisma:query BEGIN
prisma:query SELECT set_config('app.tenant_id', $1, true)
prisma:query INSERT INTO "public"."automation_flow_runs" ("flow_id","tenant_id","lead_id","status","log","started_at","finished_at") VALUES ($1,$2,$3,$4,$5,$6,$7) RETURNING "public"."automation_flow_runs"."id", "public"."automation_flow_runs"."flow_id", "public"."automation_flow_runs"."tenant_id", "public"."automation_flow_runs"."lead_id", "public"."automation_flow_runs"."status", "public"."automation_flow_runs"."log", "public"."automation_flow_runs"."started_at", "public"."automation_flow_runs"."finished_at"
prisma:query COMMIT
prisma:query BEGIN
prisma:query SELECT set_config('app.tenant_id', $1, true)
prisma:query UPDATE "public"."automation_flows" SET "last_run_at" = $1, "run_count" = ("public"."automation_flows"."run_count" + $2), "updated_at" = $3 WHERE ("public"."automation_flows"."id" = $4 AND 1=1) RETURNING "public"."automation_flows"."id", "public"."automation_flows"."tenant_id", "public"."automation_flows"."name", "public"."automation_flows"."description", "public"."automation_flows"."trigger", "public"."automation_flows"."status", "public"."automation_flows"."graph", "public"."automation_flows"."last_run_at", "public"."automation_flows"."run_count", "public"."automation_flows"."created_by", "public"."automation_flows"."created_at", "public"."automation_flows"."updated_at", "public"."automation_flows"."deleted_at"
prisma:query COMMIT
[32m[Nest] 30542  - [39m24/05/2026, 21:35:27 [32m    LOG[39m [38;5;3m[AutomationFlowsService] [39m[32mFlow 5797ffab-6822-413a-953e-4cbe9338c5a8 executed: 3 nodes processed[39m
prisma:query SELECT "public"."users"."id", "public"."users"."tenant_id", "public"."users"."role", "public"."users"."is_active" FROM "public"."users" WHERE ("public"."users"."id" = $1 AND 1=1) LIMIT $2 OFFSET $3
prisma:query BEGIN
prisma:query SELECT set_config('app.tenant_id', $1, true)
prisma:query SELECT "public"."automation_flows"."id", "public"."automation_flows"."tenant_id", "public"."automation_flows"."name", "public"."automation_flows"."description", "public"."automation_flows"."trigger", "public"."automation_flows"."status", "public"."automation_flows"."graph", "public"."automation_flows"."last_run_at", "public"."automation_flows"."run_count", "public"."automation_flows"."created_by", "public"."automation_flows"."created_at", "public"."automation_flows"."updated_at", "public"."automation_flows"."deleted_at" FROM "public"."automation_flows" WHERE ("public"."automation_flows"."id" = $1 AND "public"."automation_flows"."tenant_id" = $2 AND "public"."automation_flows"."deleted_at" IS NULL) LIMIT $3 OFFSET $4
prisma:query COMMIT
prisma:query BEGIN
prisma:query SELECT set_config('app.tenant_id', $1, true)
prisma:query INSERT INTO "public"."automation_flow_runs" ("flow_id","tenant_id","lead_id","status","log","started_at","finished_at") VALUES ($1,$2,$3,$4,$5,$6,$7) RETURNING "public"."automation_flow_runs"."id", "public"."automation_flow_runs"."flow_id", "public"."automation_flow_runs"."tenant_id", "public"."automation_flow_runs"."lead_id", "public"."automation_flow_runs"."status", "public"."automation_flow_runs"."log", "public"."automation_flow_runs"."started_at", "public"."automation_flow_runs"."finished_at"
prisma:query COMMIT
prisma:query BEGIN
prisma:query SELECT set_config('app.tenant_id', $1, true)
prisma:query UPDATE "public"."automation_flows" SET "last_run_at" = $1, "run_count" = ("public"."automation_flows"."run_count" + $2), "updated_at" = $3 WHERE ("public"."automation_flows"."id" = $4 AND 1=1) RETURNING "public"."automation_flows"."id", "public"."automation_flows"."tenant_id", "public"."automation_flows"."name", "public"."automation_flows"."description", "public"."automation_flows"."trigger", "public"."automation_flows"."status", "public"."automation_flows"."graph", "public"."automation_flows"."last_run_at", "public"."automation_flows"."run_count", "public"."automation_flows"."created_by", "public"."automation_flows"."created_at", "public"."automation_flows"."updated_at", "public"."automation_flows"."deleted_at"
prisma:query COMMIT
[32m[Nest] 30542  - [39m24/05/2026, 21:35:42 [32m    LOG[39m [38;5;3m[AutomationFlowsService] [39m[32mFlow 5797ffab-6822-413a-953e-4cbe9338c5a8 executed: 3 nodes processed[39m
prisma:query SELECT "public"."users"."id", "public"."users"."tenant_id", "public"."users"."role", "public"."users"."is_active" FROM "public"."users" WHERE ("public"."users"."id" = $1 AND 1=1) LIMIT $2 OFFSET $3
prisma:query BEGIN
prisma:query SELECT set_config('app.tenant_id', $1, true)
prisma:query SELECT "public"."automation_flows"."id", "public"."automation_flows"."tenant_id", "public"."automation_flows"."name", "public"."automation_flows"."description", "public"."automation_flows"."trigger", "public"."automation_flows"."status", "public"."automation_flows"."graph", "public"."automation_flows"."last_run_at", "public"."automation_flows"."run_count", "public"."automation_flows"."created_by", "public"."automation_flows"."created_at", "public"."automation_flows"."updated_at", "public"."automation_flows"."deleted_at" FROM "public"."automation_flows" WHERE ("public"."automation_flows"."id" = $1 AND "public"."automation_flows"."tenant_id" = $2 AND "public"."automation_flows"."deleted_at" IS NULL) LIMIT $3 OFFSET $4
prisma:query COMMIT
prisma:query SELECT "public"."users"."id", "public"."users"."tenant_id", "public"."users"."role", "public"."users"."is_active" FROM "public"."users" WHERE ("public"."users"."id" = $1 AND 1=1) LIMIT $2 OFFSET $3
prisma:query BEGIN
prisma:query SELECT set_config('app.tenant_id', $1, true)
prisma:query SELECT "public"."automation_flows"."id", "public"."automation_flows"."tenant_id", "public"."automation_flows"."name", "public"."automation_flows"."description", "public"."automation_flows"."trigger", "public"."automation_flows"."status", "public"."automation_flows"."graph", "public"."automation_flows"."last_run_at", "public"."automation_flows"."run_count", "public"."automation_flows"."created_by", "public"."automation_flows"."created_at", "public"."automation_flows"."updated_at", "public"."automation_flows"."deleted_at" FROM "public"."automation_flows" WHERE ("public"."automation_flows"."id" = $1 AND "public"."automation_flows"."tenant_id" = $2 AND "public"."automation_flows"."deleted_at" IS NULL) LIMIT $3 OFFSET $4
prisma:query COMMIT
prisma:query SELECT 1
prisma:query SELECT "public"."users"."id", "public"."users"."tenant_id", "public"."users"."role", "public"."users"."is_active" FROM "public"."users" WHERE ("public"."users"."id" = $1 AND 1=1) LIMIT $2 OFFSET $3
prisma:query BEGIN
prisma:query SELECT set_config('app.tenant_id', $1, true)
prisma:query SELECT 1
prisma:query SELECT "public"."automation_flows"."id", "public"."automation_flows"."tenant_id", "public"."automation_flows"."name", "public"."automation_flows"."description", "public"."automation_flows"."trigger", "public"."automation_flows"."status", "public"."automation_flows"."graph", "public"."automation_flows"."last_run_at", "public"."automation_flows"."run_count", "public"."automation_flows"."created_by", "public"."automation_flows"."created_at", "public"."automation_flows"."updated_at", "public"."automation_flows"."deleted_at" FROM "public"."automation_flows" WHERE ("public"."automation_flows"."id" = $1 AND "public"."automation_flows"."tenant_id" = $2 AND "public"."automation_flows"."deleted_at" IS NULL) LIMIT $3 OFFSET $4
prisma:query COMMIT
prisma:query SELECT "public"."users"."id", "public"."users"."tenant_id", "public"."users"."role", "public"."users"."is_active" FROM "public"."users" WHERE ("public"."users"."id" = $1 AND 1=1) LIMIT $2 OFFSET $3
prisma:query BEGIN
prisma:query SELECT set_config('app.tenant_id', $1, true)
prisma:query SELECT "public"."automation_flows"."id", "public"."automation_flows"."name", "public"."automation_flows"."description", "public"."automation_flows"."trigger", "public"."automation_flows"."status", "public"."automation_flows"."run_count", "public"."automation_flows"."last_run_at", "public"."automation_flows"."created_at", "public"."automation_flows"."updated_at" FROM "public"."automation_flows" WHERE ("public"."automation_flows"."tenant_id" = $1 AND "public"."automation_flows"."deleted_at" IS NULL) ORDER BY "public"."automation_flows"."updated_at" DESC OFFSET $2
prisma:query COMMIT
prisma:query SELECT "public"."users"."id", "public"."users"."tenant_id", "public"."users"."role", "public"."users"."is_active" FROM "public"."users" WHERE ("public"."users"."id" = $1 AND 1=1) LIMIT $2 OFFSET $3
prisma:query BEGIN
prisma:query SELECT set_config('app.tenant_id', $1, true)
prisma:query SELECT "public"."automation_flows"."id", "public"."automation_flows"."tenant_id", "public"."automation_flows"."name", "public"."automation_flows"."description", "public"."automation_flows"."trigger", "public"."automation_flows"."status", "public"."automation_flows"."graph", "public"."automation_flows"."last_run_at", "public"."automation_flows"."run_count", "public"."automation_flows"."created_by", "public"."automation_flows"."created_at", "public"."automation_flows"."updated_at", "public"."automation_flows"."deleted_at" FROM "public"."automation_flows" WHERE ("public"."automation_flows"."id" = $1 AND "public"."automation_flows"."tenant_id" = $2 AND "public"."automation_flows"."deleted_at" IS NULL) LIMIT $3 OFFSET $4
prisma:query COMMIT
prisma:query BEGIN
prisma:query SELECT set_config('app.tenant_id', $1, true)
prisma:query INSERT INTO "public"."automation_flow_runs" ("flow_id","tenant_id","lead_id","status","log","started_at","finished_at") VALUES ($1,$2,$3,$4,$5,$6,$7) RETURNING "public"."automation_flow_runs"."id", "public"."automation_flow_runs"."flow_id", "public"."automation_flow_runs"."tenant_id", "public"."automation_flow_runs"."lead_id", "public"."automation_flow_runs"."status", "public"."automation_flow_runs"."log", "public"."automation_flow_runs"."started_at", "public"."automation_flow_runs"."finished_at"
prisma:query COMMIT
prisma:query BEGIN
prisma:query SELECT set_config('app.tenant_id', $1, true)
prisma:query UPDATE "public"."automation_flows" SET "last_run_at" = $1, "run_count" = ("public"."automation_flows"."run_count" + $2), "updated_at" = $3 WHERE ("public"."automation_flows"."id" = $4 AND 1=1) RETURNING "public"."automation_flows"."id", "public"."automation_flows"."tenant_id", "public"."automation_flows"."name", "public"."automation_flows"."description", "public"."automation_flows"."trigger", "public"."automation_flows"."status", "public"."automation_flows"."graph", "public"."automation_flows"."last_run_at", "public"."automation_flows"."run_count", "public"."automation_flows"."created_by", "public"."automation_flows"."created_at", "public"."automation_flows"."updated_at", "public"."automation_flows"."deleted_at"
[32m[Nest] 30542  - [39m24/05/2026, 21:40:07 [32m    LOG[39m [38;5;3m[AutomationFlowsService] [39m[32mFlow ba6d4af7-0baa-4a08-a6f3-541387a136ce executed: 5 nodes processed[39m
prisma:query COMMIT
prisma:query SELECT "public"."users"."id", "public"."users"."tenant_id", "public"."users"."role", "public"."users"."is_active" FROM "public"."users" WHERE ("public"."users"."id" = $1 AND 1=1) LIMIT $2 OFFSET $3
prisma:query BEGIN
prisma:query SELECT set_config('app.tenant_id', $1, true)
prisma:query SELECT "public"."automation_flows"."id", "public"."automation_flows"."name", "public"."automation_flows"."description", "public"."automation_flows"."trigger", "public"."automation_flows"."status", "public"."automation_flows"."run_count", "public"."automation_flows"."last_run_at", "public"."automation_flows"."created_at", "public"."automation_flows"."updated_at" FROM "public"."automation_flows" WHERE ("public"."automation_flows"."tenant_id" = $1 AND "public"."automation_flows"."deleted_at" IS NULL) ORDER BY "public"."automation_flows"."updated_at" DESC OFFSET $2
prisma:query COMMIT
prisma:query SELECT "public"."users"."id", "public"."users"."tenant_id", "public"."users"."role", "public"."users"."is_active" FROM "public"."users" WHERE ("public"."users"."id" = $1 AND 1=1) LIMIT $2 OFFSET $3
prisma:query BEGIN
prisma:query SELECT set_config('app.tenant_id', $1, true)
prisma:query SELECT "public"."automation_flows"."id", "public"."automation_flows"."tenant_id", "public"."automation_flows"."name", "public"."automation_flows"."description", "public"."automation_flows"."trigger", "public"."automation_flows"."status", "public"."automation_flows"."graph", "public"."automation_flows"."last_run_at", "public"."automation_flows"."run_count", "public"."automation_flows"."created_by", "public"."automation_flows"."created_at", "public"."automation_flows"."updated_at", "public"."automation_flows"."deleted_at" FROM "public"."automation_flows" WHERE ("public"."automation_flows"."id" = $1 AND "public"."automation_flows"."tenant_id" = $2 AND "public"."automation_flows"."deleted_at" IS NULL) LIMIT $3 OFFSET $4
prisma:query COMMIT
prisma:query SELECT "public"."users"."id", "public"."users"."tenant_id", "public"."users"."role", "public"."users"."is_active" FROM "public"."users" WHERE ("public"."users"."id" = $1 AND 1=1) LIMIT $2 OFFSET $3
prisma:query BEGIN
prisma:query SELECT set_config('app.tenant_id', $1, true)
prisma:query SELECT "public"."automation_flows"."id", "public"."automation_flows"."tenant_id", "public"."automation_flows"."name", "public"."automation_flows"."description", "public"."automation_flows"."trigger", "public"."automation_flows"."status", "public"."automation_flows"."graph", "public"."automation_flows"."last_run_at", "public"."automation_flows"."run_count", "public"."automation_flows"."created_by", "public"."automation_flows"."created_at", "public"."automation_flows"."updated_at", "public"."automation_flows"."deleted_at" FROM "public"."automation_flows" WHERE ("public"."automation_flows"."id" = $1 AND "public"."automation_flows"."tenant_id" = $2 AND "public"."automation_flows"."deleted_at" IS NULL) LIMIT $3 OFFSET $4
prisma:query COMMIT
prisma:query BEGIN
prisma:query SELECT set_config('app.tenant_id', $1, true)
prisma:query INSERT INTO "public"."automation_flow_runs" ("flow_id","tenant_id","lead_id","status","log","started_at","finished_at") VALUES ($1,$2,$3,$4,$5,$6,$7) RETURNING "public"."automation_flow_runs"."id", "public"."automation_flow_runs"."flow_id", "public"."automation_flow_runs"."tenant_id", "public"."automation_flow_runs"."lead_id", "public"."automation_flow_runs"."status", "public"."automation_flow_runs"."log", "public"."automation_flow_runs"."started_at", "public"."automation_flow_runs"."finished_at"
prisma:query COMMIT
prisma:query BEGIN
prisma:query SELECT set_config('app.tenant_id', $1, true)
prisma:query UPDATE "public"."automation_flows" SET "last_run_at" = $1, "run_count" = ("public"."automation_flows"."run_count" + $2), "updated_at" = $3 WHERE ("public"."automation_flows"."id" = $4 AND 1=1) RETURNING "public"."automation_flows"."id", "public"."automation_flows"."tenant_id", "public"."automation_flows"."name", "public"."automation_flows"."description", "public"."automation_flows"."trigger", "public"."automation_flows"."status", "public"."automation_flows"."graph", "public"."automation_flows"."last_run_at", "public"."automation_flows"."run_count", "public"."automation_flows"."created_by", "public"."automation_flows"."created_at", "public"."automation_flows"."updated_at", "public"."automation_flows"."deleted_at"
prisma:query COMMIT
[32m[Nest] 30542  - [39m24/05/2026, 21:40:12 [32m    LOG[39m [38;5;3m[AutomationFlowsService] [39m[32mFlow 5797ffab-6822-413a-953e-4cbe9338c5a8 executed: 3 nodes processed[39m
prisma:query SELECT 1
prisma:query SELECT "public"."users"."id", "public"."users"."tenant_id", "public"."users"."role", "public"."users"."is_active" FROM "public"."users" WHERE ("public"."users"."id" = $1 AND 1=1) LIMIT $2 OFFSET $3
prisma:query BEGIN
prisma:query SELECT set_config('app.tenant_id', $1, true)
prisma:query SELECT 1
prisma:query SELECT "public"."automation_flows"."id", "public"."automation_flows"."tenant_id", "public"."automation_flows"."name", "public"."automation_flows"."description", "public"."automation_flows"."trigger", "public"."automation_flows"."status", "public"."automation_flows"."graph", "public"."automation_flows"."last_run_at", "public"."automation_flows"."run_count", "public"."automation_flows"."created_by", "public"."automation_flows"."created_at", "public"."automation_flows"."updated_at", "public"."automation_flows"."deleted_at" FROM "public"."automation_flows" WHERE ("public"."automation_flows"."id" = $1 AND "public"."automation_flows"."tenant_id" = $2 AND "public"."automation_flows"."deleted_at" IS NULL) LIMIT $3 OFFSET $4
prisma:query COMMIT
prisma:query SELECT "public"."users"."id", "public"."users"."tenant_id", "public"."users"."role", "public"."users"."is_active" FROM "public"."users" WHERE ("public"."users"."id" = $1 AND 1=1) LIMIT $2 OFFSET $3
prisma:query BEGIN
prisma:query SELECT set_config('app.tenant_id', $1, true)
prisma:query SELECT "public"."automation_flows"."id", "public"."automation_flows"."tenant_id", "public"."automation_flows"."name", "public"."automation_flows"."description", "public"."automation_flows"."trigger", "public"."automation_flows"."status", "public"."automation_flows"."graph", "public"."automation_flows"."last_run_at", "public"."automation_flows"."run_count", "public"."automation_flows"."created_by", "public"."automation_flows"."created_at", "public"."automation_flows"."updated_at", "public"."automation_flows"."deleted_at" FROM "public"."automation_flows" WHERE ("public"."automation_flows"."id" = $1 AND "public"."automation_flows"."tenant_id" = $2 AND "public"."automation_flows"."deleted_at" IS NULL) LIMIT $3 OFFSET $4
prisma:query COMMIT
prisma:query SELECT "public"."users"."id", "public"."users"."tenant_id", "public"."users"."role", "public"."users"."is_active" FROM "public"."users" WHERE ("public"."users"."id" = $1 AND 1=1) LIMIT $2 OFFSET $3
prisma:query BEGIN
prisma:query SELECT set_config('app.tenant_id', $1, true)
prisma:query SELECT "public"."automation_flows"."id", "public"."automation_flows"."tenant_id", "public"."automation_flows"."name", "public"."automation_flows"."description", "public"."automation_flows"."trigger", "public"."automation_flows"."status", "public"."automation_flows"."graph", "public"."automation_flows"."last_run_at", "public"."automation_flows"."run_count", "public"."automation_flows"."created_by", "public"."automation_flows"."created_at", "public"."automation_flows"."updated_at", "public"."automation_flows"."deleted_at" FROM "public"."automation_flows" WHERE ("public"."automation_flows"."id" = $1 AND "public"."automation_flows"."tenant_id" = $2 AND "public"."automation_flows"."deleted_at" IS NULL) LIMIT $3 OFFSET $4
prisma:query COMMIT
prisma:query SELECT "public"."users"."id", "public"."users"."tenant_id", "public"."users"."role", "public"."users"."is_active" FROM "public"."users" WHERE ("public"."users"."id" = $1 AND 1=1) LIMIT $2 OFFSET $3
prisma:query BEGIN
prisma:query SELECT set_config('app.tenant_id', $1, true)
prisma:query SELECT "public"."automation_flows"."id", "public"."automation_flows"."tenant_id", "public"."automation_flows"."name", "public"."automation_flows"."description", "public"."automation_flows"."trigger", "public"."automation_flows"."status", "public"."automation_flows"."graph", "public"."automation_flows"."last_run_at", "public"."automation_flows"."run_count", "public"."automation_flows"."created_by", "public"."automation_flows"."created_at", "public"."automation_flows"."updated_at", "public"."automation_flows"."deleted_at" FROM "public"."automation_flows" WHERE ("public"."automation_flows"."id" = $1 AND "public"."automation_flows"."tenant_id" = $2 AND "public"."automation_flows"."deleted_at" IS NULL) LIMIT $3 OFFSET $4
prisma:query COMMIT
prisma:query BEGIN
prisma:query SELECT set_config('app.tenant_id', $1, true)
prisma:query INSERT INTO "public"."automation_flow_runs" ("flow_id","tenant_id","lead_id","status","log","started_at","finished_at") VALUES ($1,$2,$3,$4,$5,$6,$7) RETURNING "public"."automation_flow_runs"."id", "public"."automation_flow_runs"."flow_id", "public"."automation_flow_runs"."tenant_id", "public"."automation_flow_runs"."lead_id", "public"."automation_flow_runs"."status", "public"."automation_flow_runs"."log", "public"."automation_flow_runs"."started_at", "public"."automation_flow_runs"."finished_at"
prisma:query COMMIT
prisma:query BEGIN
prisma:query SELECT set_config('app.tenant_id', $1, true)
prisma:query UPDATE "public"."automation_flows" SET "last_run_at" = $1, "run_count" = ("public"."automation_flows"."run_count" + $2), "updated_at" = $3 WHERE ("public"."automation_flows"."id" = $4 AND 1=1) RETURNING "public"."automation_flows"."id", "public"."automation_flows"."tenant_id", "public"."automation_flows"."name", "public"."automation_flows"."description", "public"."automation_flows"."trigger", "public"."automation_flows"."status", "public"."automation_flows"."graph", "public"."automation_flows"."last_run_at", "public"."automation_flows"."run_count", "public"."automation_flows"."created_by", "public"."automation_flows"."created_at", "public"."automation_flows"."updated_at", "public"."automation_flows"."deleted_at"
prisma:query COMMIT
[32m[Nest] 30542  - [39m24/05/2026, 21:40:31 [32m    LOG[39m [38;5;3m[AutomationFlowsService] [39m[32mFlow 5797ffab-6822-413a-953e-4cbe9338c5a8 executed: 3 nodes processed[39m
prisma:query SELECT "public"."users"."id", "public"."users"."tenant_id", "public"."users"."role", "public"."users"."is_active" FROM "public"."users" WHERE ("public"."users"."id" = $1 AND 1=1) LIMIT $2 OFFSET $3
prisma:query BEGIN
prisma:query SELECT set_config('app.tenant_id', $1, true)
prisma:query SELECT "public"."automation_flows"."id", "public"."automation_flows"."tenant_id", "public"."automation_flows"."name", "public"."automation_flows"."description", "public"."automation_flows"."trigger", "public"."automation_flows"."status", "public"."automation_flows"."graph", "public"."automation_flows"."last_run_at", "public"."automation_flows"."run_count", "public"."automation_flows"."created_by", "public"."automation_flows"."created_at", "public"."automation_flows"."updated_at", "public"."automation_flows"."deleted_at" FROM "public"."automation_flows" WHERE ("public"."automation_flows"."id" = $1 AND "public"."automation_flows"."tenant_id" = $2 AND "public"."automation_flows"."deleted_at" IS NULL) LIMIT $3 OFFSET $4
prisma:query COMMIT
prisma:query BEGIN
prisma:query SELECT set_config('app.tenant_id', $1, true)
prisma:query INSERT INTO "public"."automation_flow_runs" ("flow_id","tenant_id","lead_id","status","log","started_at","finished_at") VALUES ($1,$2,$3,$4,$5,$6,$7) RETURNING "public"."automation_flow_runs"."id", "public"."automation_flow_runs"."flow_id", "public"."automation_flow_runs"."tenant_id", "public"."automation_flow_runs"."lead_id", "public"."automation_flow_runs"."status", "public"."automation_flow_runs"."log", "public"."automation_flow_runs"."started_at", "public"."automation_flow_runs"."finished_at"
prisma:query COMMIT
prisma:query BEGIN
prisma:query SELECT set_config('app.tenant_id', $1, true)
prisma:query UPDATE "public"."automation_flows" SET "last_run_at" = $1, "run_count" = ("public"."automation_flows"."run_count" + $2), "updated_at" = $3 WHERE ("public"."automation_flows"."id" = $4 AND 1=1) RETURNING "public"."automation_flows"."id", "public"."automation_flows"."tenant_id", "public"."automation_flows"."name", "public"."automation_flows"."description", "public"."automation_flows"."trigger", "public"."automation_flows"."status", "public"."automation_flows"."graph", "public"."automation_flows"."last_run_at", "public"."automation_flows"."run_count", "public"."automation_flows"."created_by", "public"."automation_flows"."created_at", "public"."automation_flows"."updated_at", "public"."automation_flows"."deleted_at"
prisma:query COMMIT
[32m[Nest] 30542  - [39m24/05/2026, 21:40:32 [32m    LOG[39m [38;5;3m[AutomationFlowsService] [39m[32mFlow 5797ffab-6822-413a-953e-4cbe9338c5a8 executed: 3 nodes processed[39m
prisma:query SELECT "public"."users"."id", "public"."users"."tenant_id", "public"."users"."role", "public"."users"."is_active" FROM "public"."users" WHERE ("public"."users"."id" = $1 AND 1=1) LIMIT $2 OFFSET $3
prisma:query BEGIN
prisma:query SELECT set_config('app.tenant_id', $1, true)
prisma:query SELECT "public"."automation_flows"."id", "public"."automation_flows"."tenant_id", "public"."automation_flows"."name", "public"."automation_flows"."description", "public"."automation_flows"."trigger", "public"."automation_flows"."status", "public"."automation_flows"."graph", "public"."automation_flows"."last_run_at", "public"."automation_flows"."run_count", "public"."automation_flows"."created_by", "public"."automation_flows"."created_at", "public"."automation_flows"."updated_at", "public"."automation_flows"."deleted_at" FROM "public"."automation_flows" WHERE ("public"."automation_flows"."id" = $1 AND "public"."automation_flows"."tenant_id" = $2 AND "public"."automation_flows"."deleted_at" IS NULL) LIMIT $3 OFFSET $4
prisma:query COMMIT
prisma:query BEGIN
prisma:query SELECT set_config('app.tenant_id', $1, true)
prisma:query UPDATE "public"."automation_flows" SET "graph" = $1, "updated_at" = $2 WHERE ("public"."automation_flows"."id" = $3 AND 1=1) RETURNING "public"."automation_flows"."id", "public"."automation_flows"."tenant_id", "public"."automation_flows"."name", "public"."automation_flows"."description", "public"."automation_flows"."trigger", "public"."automation_flows"."status", "public"."automation_flows"."graph", "public"."automation_flows"."last_run_at", "public"."automation_flows"."run_count", "public"."automation_flows"."created_by", "public"."automation_flows"."created_at", "public"."automation_flows"."updated_at", "public"."automation_flows"."deleted_at"
prisma:query COMMIT
prisma:query SELECT "public"."users"."id", "public"."users"."tenant_id", "public"."users"."role", "public"."users"."is_active" FROM "public"."users" WHERE ("public"."users"."id" = $1 AND 1=1) LIMIT $2 OFFSET $3
prisma:query BEGIN
prisma:query SELECT set_config('app.tenant_id', $1, true)
prisma:query SELECT "public"."automation_flows"."id", "public"."automation_flows"."tenant_id", "public"."automation_flows"."name", "public"."automation_flows"."description", "public"."automation_flows"."trigger", "public"."automation_flows"."status", "public"."automation_flows"."graph", "public"."automation_flows"."last_run_at", "public"."automation_flows"."run_count", "public"."automation_flows"."created_by", "public"."automation_flows"."created_at", "public"."automation_flows"."updated_at", "public"."automation_flows"."deleted_at" FROM "public"."automation_flows" WHERE ("public"."automation_flows"."id" = $1 AND "public"."automation_flows"."tenant_id" = $2 AND "public"."automation_flows"."deleted_at" IS NULL) LIMIT $3 OFFSET $4
prisma:query COMMIT
prisma:query BEGIN
prisma:query SELECT set_config('app.tenant_id', $1, true)
prisma:query INSERT INTO "public"."automation_flow_runs" ("flow_id","tenant_id","lead_id","status","log","started_at","finished_at") VALUES ($1,$2,$3,$4,$5,$6,$7) RETURNING "public"."automation_flow_runs"."id", "public"."automation_flow_runs"."flow_id", "public"."automation_flow_runs"."tenant_id", "public"."automation_flow_runs"."lead_id", "public"."automation_flow_runs"."status", "public"."automation_flow_runs"."log", "public"."automation_flow_runs"."started_at", "public"."automation_flow_runs"."finished_at"
prisma:query COMMIT
prisma:query BEGIN
prisma:query SELECT set_config('app.tenant_id', $1, true)
prisma:query UPDATE "public"."automation_flows" SET "last_run_at" = $1, "run_count" = ("public"."automation_flows"."run_count" + $2), "updated_at" = $3 WHERE ("public"."automation_flows"."id" = $4 AND 1=1) RETURNING "public"."automation_flows"."id", "public"."automation_flows"."tenant_id", "public"."automation_flows"."name", "public"."automation_flows"."description", "public"."automation_flows"."trigger", "public"."automation_flows"."status", "public"."automation_flows"."graph", "public"."automation_flows"."last_run_at", "public"."automation_flows"."run_count", "public"."automation_flows"."created_by", "public"."automation_flows"."created_at", "public"."automation_flows"."updated_at", "public"."automation_flows"."deleted_at"
prisma:query COMMIT
[32m[Nest] 30542  - [39m24/05/2026, 21:40:34 [32m    LOG[39m [38;5;3m[AutomationFlowsService] [39m[32mFlow 5797ffab-6822-413a-953e-4cbe9338c5a8 executed: 3 nodes processed[39m
prisma:query SELECT 1
prisma:query SELECT "public"."users"."id", "public"."users"."tenant_id", "public"."users"."role", "public"."users"."is_active" FROM "public"."users" WHERE ("public"."users"."id" = $1 AND 1=1) LIMIT $2 OFFSET $3
prisma:query BEGIN
prisma:query SELECT set_config('app.tenant_id', $1, true)
prisma:query SELECT 1
prisma:query SELECT "public"."automation_flows"."id", "public"."automation_flows"."tenant_id", "public"."automation_flows"."name", "public"."automation_flows"."description", "public"."automation_flows"."trigger", "public"."automation_flows"."status", "public"."automation_flows"."graph", "public"."automation_flows"."last_run_at", "public"."automation_flows"."run_count", "public"."automation_flows"."created_by", "public"."automation_flows"."created_at", "public"."automation_flows"."updated_at", "public"."automation_flows"."deleted_at" FROM "public"."automation_flows" WHERE ("public"."automation_flows"."id" = $1 AND "public"."automation_flows"."tenant_id" = $2 AND "public"."automation_flows"."deleted_at" IS NULL) LIMIT $3 OFFSET $4
prisma:query COMMIT
prisma:query SELECT 1
prisma:query SELECT "public"."users"."id", "public"."users"."tenant_id", "public"."users"."role", "public"."users"."is_active" FROM "public"."users" WHERE ("public"."users"."id" = $1 AND 1=1) LIMIT $2 OFFSET $3
prisma:query BEGIN
prisma:query SELECT set_config('app.tenant_id', $1, true)
prisma:query SELECT 1
prisma:query SELECT "public"."automation_flows"."id", "public"."automation_flows"."tenant_id", "public"."automation_flows"."name", "public"."automation_flows"."description", "public"."automation_flows"."trigger", "public"."automation_flows"."status", "public"."automation_flows"."graph", "public"."automation_flows"."last_run_at", "public"."automation_flows"."run_count", "public"."automation_flows"."created_by", "public"."automation_flows"."created_at", "public"."automation_flows"."updated_at", "public"."automation_flows"."deleted_at" FROM "public"."automation_flows" WHERE ("public"."automation_flows"."id" = $1 AND "public"."automation_flows"."tenant_id" = $2 AND "public"."automation_flows"."deleted_at" IS NULL) LIMIT $3 OFFSET $4
prisma:query COMMIT
prisma:query BEGIN
prisma:query SELECT set_config('app.tenant_id', $1, true)
prisma:query UPDATE "public"."automation_flows" SET "graph" = $1, "updated_at" = $2 WHERE ("public"."automation_flows"."id" = $3 AND 1=1) RETURNING "public"."automation_flows"."id", "public"."automation_flows"."tenant_id", "public"."automation_flows"."name", "public"."automation_flows"."description", "public"."automation_flows"."trigger", "public"."automation_flows"."status", "public"."automation_flows"."graph", "public"."automation_flows"."last_run_at", "public"."automation_flows"."run_count", "public"."automation_flows"."created_by", "public"."automation_flows"."created_at", "public"."automation_flows"."updated_at", "public"."automation_flows"."deleted_at"
prisma:query COMMIT
prisma:query SELECT "public"."users"."id", "public"."users"."tenant_id", "public"."users"."role", "public"."users"."is_active" FROM "public"."users" WHERE ("public"."users"."id" = $1 AND 1=1) LIMIT $2 OFFSET $3
prisma:query BEGIN
prisma:query SELECT set_config('app.tenant_id', $1, true)
prisma:query SELECT "public"."automation_flows"."id", "public"."automation_flows"."tenant_id", "public"."automation_flows"."name", "public"."automation_flows"."description", "public"."automation_flows"."trigger", "public"."automation_flows"."status", "public"."automation_flows"."graph", "public"."automation_flows"."last_run_at", "public"."automation_flows"."run_count", "public"."automation_flows"."created_by", "public"."automation_flows"."created_at", "public"."automation_flows"."updated_at", "public"."automation_flows"."deleted_at" FROM "public"."automation_flows" WHERE ("public"."automation_flows"."id" = $1 AND "public"."automation_flows"."tenant_id" = $2 AND "public"."automation_flows"."deleted_at" IS NULL) LIMIT $3 OFFSET $4
prisma:query COMMIT
prisma:query SELECT "public"."users"."id", "public"."users"."tenant_id", "public"."users"."role", "public"."users"."is_active" FROM "public"."users" WHERE ("public"."users"."id" = $1 AND 1=1) LIMIT $2 OFFSET $3
prisma:query BEGIN
prisma:query SELECT set_config('app.tenant_id', $1, true)
prisma:query SELECT "public"."automation_flows"."id", "public"."automation_flows"."tenant_id", "public"."automation_flows"."name", "public"."automation_flows"."description", "public"."automation_flows"."trigger", "public"."automation_flows"."status", "public"."automation_flows"."graph", "public"."automation_flows"."last_run_at", "public"."automation_flows"."run_count", "public"."automation_flows"."created_by", "public"."automation_flows"."created_at", "public"."automation_flows"."updated_at", "public"."automation_flows"."deleted_at" FROM "public"."automation_flows" WHERE ("public"."automation_flows"."id" = $1 AND "public"."automation_flows"."tenant_id" = $2 AND "public"."automation_flows"."deleted_at" IS NULL) LIMIT $3 OFFSET $4
prisma:query COMMIT
prisma:query SELECT "public"."users"."id", "public"."users"."tenant_id", "public"."users"."role", "public"."users"."is_active" FROM "public"."users" WHERE ("public"."users"."id" = $1 AND 1=1) LIMIT $2 OFFSET $3
prisma:query BEGIN
prisma:query SELECT set_config('app.tenant_id', $1, true)
prisma:query SELECT "public"."automation_flows"."id", "public"."automation_flows"."tenant_id", "public"."automation_flows"."name", "public"."automation_flows"."description", "public"."automation_flows"."trigger", "public"."automation_flows"."status", "public"."automation_flows"."graph", "public"."automation_flows"."last_run_at", "public"."automation_flows"."run_count", "public"."automation_flows"."created_by", "public"."automation_flows"."created_at", "public"."automation_flows"."updated_at", "public"."automation_flows"."deleted_at" FROM "public"."automation_flows" WHERE ("public"."automation_flows"."id" = $1 AND "public"."automation_flows"."tenant_id" = $2 AND "public"."automation_flows"."deleted_at" IS NULL) LIMIT $3 OFFSET $4
prisma:query COMMIT
prisma:query SELECT 1
prisma:query SELECT "public"."users"."id", "public"."users"."tenant_id", "public"."users"."role", "public"."users"."is_active" FROM "public"."users" WHERE ("public"."users"."id" = $1 AND 1=1) LIMIT $2 OFFSET $3
prisma:query BEGIN
prisma:query SELECT set_config('app.tenant_id', $1, true)
prisma:query SELECT 1
prisma:query SELECT "public"."automation_flows"."id", "public"."automation_flows"."tenant_id", "public"."automation_flows"."name", "public"."automation_flows"."description", "public"."automation_flows"."trigger", "public"."automation_flows"."status", "public"."automation_flows"."graph", "public"."automation_flows"."last_run_at", "public"."automation_flows"."run_count", "public"."automation_flows"."created_by", "public"."automation_flows"."created_at", "public"."automation_flows"."updated_at", "public"."automation_flows"."deleted_at" FROM "public"."automation_flows" WHERE ("public"."automation_flows"."id" = $1 AND "public"."automation_flows"."tenant_id" = $2 AND "public"."automation_flows"."deleted_at" IS NULL) LIMIT $3 OFFSET $4
prisma:query COMMIT
prisma:query SELECT "public"."users"."id", "public"."users"."tenant_id", "public"."users"."role", "public"."users"."is_active" FROM "public"."users" WHERE ("public"."users"."id" = $1 AND 1=1) LIMIT $2 OFFSET $3
prisma:query BEGIN
prisma:query SELECT set_config('app.tenant_id', $1, true)
prisma:query SELECT "public"."automation_flows"."id", "public"."automation_flows"."tenant_id", "public"."automation_flows"."name", "public"."automation_flows"."description", "public"."automation_flows"."trigger", "public"."automation_flows"."status", "public"."automation_flows"."graph", "public"."automation_flows"."last_run_at", "public"."automation_flows"."run_count", "public"."automation_flows"."created_by", "public"."automation_flows"."created_at", "public"."automation_flows"."updated_at", "public"."automation_flows"."deleted_at" FROM "public"."automation_flows" WHERE ("public"."automation_flows"."id" = $1 AND "public"."automation_flows"."tenant_id" = $2 AND "public"."automation_flows"."deleted_at" IS NULL) LIMIT $3 OFFSET $4
prisma:query COMMIT
prisma:query BEGIN
prisma:query SELECT set_config('app.tenant_id', $1, true)
prisma:query INSERT INTO "public"."automation_flow_runs" ("flow_id","tenant_id","lead_id","status","log","started_at","finished_at") VALUES ($1,$2,$3,$4,$5,$6,$7) RETURNING "public"."automation_flow_runs"."id", "public"."automation_flow_runs"."flow_id", "public"."automation_flow_runs"."tenant_id", "public"."automation_flow_runs"."lead_id", "public"."automation_flow_runs"."status", "public"."automation_flow_runs"."log", "public"."automation_flow_runs"."started_at", "public"."automation_flow_runs"."finished_at"
prisma:query COMMIT
prisma:query BEGIN
prisma:query SELECT set_config('app.tenant_id', $1, true)
prisma:query UPDATE "public"."automation_flows" SET "last_run_at" = $1, "run_count" = ("public"."automation_flows"."run_count" + $2), "updated_at" = $3 WHERE ("public"."automation_flows"."id" = $4 AND 1=1) RETURNING "public"."automation_flows"."id", "public"."automation_flows"."tenant_id", "public"."automation_flows"."name", "public"."automation_flows"."description", "public"."automation_flows"."trigger", "public"."automation_flows"."status", "public"."automation_flows"."graph", "public"."automation_flows"."last_run_at", "public"."automation_flows"."run_count", "public"."automation_flows"."created_by", "public"."automation_flows"."created_at", "public"."automation_flows"."updated_at", "public"."automation_flows"."deleted_at"
prisma:query COMMIT
[32m[Nest] 30542  - [39m24/05/2026, 21:42:09 [32m    LOG[39m [38;5;3m[AutomationFlowsService] [39m[32mFlow 5797ffab-6822-413a-953e-4cbe9338c5a8 executed: 3 nodes processed[39m
prisma:query SELECT "public"."users"."id", "public"."users"."tenant_id", "public"."users"."role", "public"."users"."is_active" FROM "public"."users" WHERE ("public"."users"."id" = $1 AND 1=1) LIMIT $2 OFFSET $3
prisma:query BEGIN
prisma:query SELECT set_config('app.tenant_id', $1, true)
prisma:query SELECT "public"."automation_flows"."id", "public"."automation_flows"."tenant_id", "public"."automation_flows"."name", "public"."automation_flows"."description", "public"."automation_flows"."trigger", "public"."automation_flows"."status", "public"."automation_flows"."graph", "public"."automation_flows"."last_run_at", "public"."automation_flows"."run_count", "public"."automation_flows"."created_by", "public"."automation_flows"."created_at", "public"."automation_flows"."updated_at", "public"."automation_flows"."deleted_at" FROM "public"."automation_flows" WHERE ("public"."automation_flows"."id" = $1 AND "public"."automation_flows"."tenant_id" = $2 AND "public"."automation_flows"."deleted_at" IS NULL) LIMIT $3 OFFSET $4
prisma:query COMMIT
prisma:query BEGIN
prisma:query SELECT set_config('app.tenant_id', $1, true)
prisma:query UPDATE "public"."automation_flows" SET "graph" = $1, "updated_at" = $2 WHERE ("public"."automation_flows"."id" = $3 AND 1=1) RETURNING "public"."automation_flows"."id", "public"."automation_flows"."tenant_id", "public"."automation_flows"."name", "public"."automation_flows"."description", "public"."automation_flows"."trigger", "public"."automation_flows"."status", "public"."automation_flows"."graph", "public"."automation_flows"."last_run_at", "public"."automation_flows"."run_count", "public"."automation_flows"."created_by", "public"."automation_flows"."created_at", "public"."automation_flows"."updated_at", "public"."automation_flows"."deleted_at"
prisma:query COMMIT
prisma:query SELECT "public"."users"."id", "public"."users"."tenant_id", "public"."users"."role", "public"."users"."is_active" FROM "public"."users" WHERE ("public"."users"."id" = $1 AND 1=1) LIMIT $2 OFFSET $3
prisma:query BEGIN
prisma:query SELECT set_config('app.tenant_id', $1, true)
prisma:query SELECT "public"."automation_flows"."id", "public"."automation_flows"."tenant_id", "public"."automation_flows"."name", "public"."automation_flows"."description", "public"."automation_flows"."trigger", "public"."automation_flows"."status", "public"."automation_flows"."graph", "public"."automation_flows"."last_run_at", "public"."automation_flows"."run_count", "public"."automation_flows"."created_by", "public"."automation_flows"."created_at", "public"."automation_flows"."updated_at", "public"."automation_flows"."deleted_at" FROM "public"."automation_flows" WHERE ("public"."automation_flows"."id" = $1 AND "public"."automation_flows"."tenant_id" = $2 AND "public"."automation_flows"."deleted_at" IS NULL) LIMIT $3 OFFSET $4
prisma:query COMMIT
prisma:query BEGIN
prisma:query SELECT set_config('app.tenant_id', $1, true)
prisma:query INSERT INTO "public"."automation_flow_runs" ("flow_id","tenant_id","lead_id","status","log","started_at","finished_at") VALUES ($1,$2,$3,$4,$5,$6,$7) RETURNING "public"."automation_flow_runs"."id", "public"."automation_flow_runs"."flow_id", "public"."automation_flow_runs"."tenant_id", "public"."automation_flow_runs"."lead_id", "public"."automation_flow_runs"."status", "public"."automation_flow_runs"."log", "public"."automation_flow_runs"."started_at", "public"."automation_flow_runs"."finished_at"
prisma:query COMMIT
prisma:query BEGIN
prisma:query SELECT set_config('app.tenant_id', $1, true)
prisma:query UPDATE "public"."automation_flows" SET "last_run_at" = $1, "run_count" = ("public"."automation_flows"."run_count" + $2), "updated_at" = $3 WHERE ("public"."automation_flows"."id" = $4 AND 1=1) RETURNING "public"."automation_flows"."id", "public"."automation_flows"."tenant_id", "public"."automation_flows"."name", "public"."automation_flows"."description", "public"."automation_flows"."trigger", "public"."automation_flows"."status", "public"."automation_flows"."graph", "public"."automation_flows"."last_run_at", "public"."automation_flows"."run_count", "public"."automation_flows"."created_by", "public"."automation_flows"."created_at", "public"."automation_flows"."updated_at", "public"."automation_flows"."deleted_at"
prisma:query COMMIT
[32m[Nest] 30542  - [39m24/05/2026, 21:42:12 [32m    LOG[39m [38;5;3m[AutomationFlowsService] [39m[32mFlow 5797ffab-6822-413a-953e-4cbe9338c5a8 executed: 3 nodes processed[39m
prisma:query SELECT 1
prisma:query SELECT "public"."users"."id", "public"."users"."tenant_id", "public"."users"."role", "public"."users"."is_active" FROM "public"."users" WHERE ("public"."users"."id" = $1 AND 1=1) LIMIT $2 OFFSET $3
prisma:query BEGIN
prisma:query SELECT set_config('app.tenant_id', $1, true)
prisma:query SELECT 1
prisma:query SELECT "public"."automation_flows"."id", "public"."automation_flows"."tenant_id", "public"."automation_flows"."name", "public"."automation_flows"."description", "public"."automation_flows"."trigger", "public"."automation_flows"."status", "public"."automation_flows"."graph", "public"."automation_flows"."last_run_at", "public"."automation_flows"."run_count", "public"."automation_flows"."created_by", "public"."automation_flows"."created_at", "public"."automation_flows"."updated_at", "public"."automation_flows"."deleted_at" FROM "public"."automation_flows" WHERE ("public"."automation_flows"."id" = $1 AND "public"."automation_flows"."tenant_id" = $2 AND "public"."automation_flows"."deleted_at" IS NULL) LIMIT $3 OFFSET $4
prisma:query COMMIT
prisma:query BEGIN
prisma:query SELECT set_config('app.tenant_id', $1, true)
prisma:query INSERT INTO "public"."automation_flow_runs" ("flow_id","tenant_id","lead_id","status","log","started_at","finished_at") VALUES ($1,$2,$3,$4,$5,$6,$7) RETURNING "public"."automation_flow_runs"."id", "public"."automation_flow_runs"."flow_id", "public"."automation_flow_runs"."tenant_id", "public"."automation_flow_runs"."lead_id", "public"."automation_flow_runs"."status", "public"."automation_flow_runs"."log", "public"."automation_flow_runs"."started_at", "public"."automation_flow_runs"."finished_at"
prisma:query COMMIT
prisma:query BEGIN
prisma:query SELECT set_config('app.tenant_id', $1, true)
prisma:query UPDATE "public"."automation_flows" SET "last_run_at" = $1, "run_count" = ("public"."automation_flows"."run_count" + $2), "updated_at" = $3 WHERE ("public"."automation_flows"."id" = $4 AND 1=1) RETURNING "public"."automation_flows"."id", "public"."automation_flows"."tenant_id", "public"."automation_flows"."name", "public"."automation_flows"."description", "public"."automation_flows"."trigger", "public"."automation_flows"."status", "public"."automation_flows"."graph", "public"."automation_flows"."last_run_at", "public"."automation_flows"."run_count", "public"."automation_flows"."created_by", "public"."automation_flows"."created_at", "public"."automation_flows"."updated_at", "public"."automation_flows"."deleted_at"
prisma:query COMMIT
[32m[Nest] 30542  - [39m24/05/2026, 21:42:22 [32m    LOG[39m [38;5;3m[AutomationFlowsService] [39m[32mFlow 5797ffab-6822-413a-953e-4cbe9338c5a8 executed: 3 nodes processed[39m
prisma:query SELECT "public"."users"."id", "public"."users"."tenant_id", "public"."users"."email", "public"."users"."name", "public"."users"."password_hash", "public"."users"."role", "public"."users"."avatar_url", "public"."users"."is_active", "public"."users"."last_login_at", "public"."users"."created_at", "public"."users"."updated_at" FROM "public"."users" WHERE ("public"."users"."email" = $1 AND 1=1) LIMIT $2 OFFSET $3
prisma:query SELECT "public"."tenants"."id", "public"."tenants"."slug", "public"."tenants"."name", "public"."tenants"."plan", "public"."tenants"."is_active" FROM "public"."tenants" WHERE "public"."tenants"."id" IN ($1) OFFSET $2
prisma:query INSERT INTO "public"."refresh_tokens" ("user_id","token_hash","expires_at","created_at") VALUES ($1,$2,$3,$4) RETURNING "public"."refresh_tokens"."id", "public"."refresh_tokens"."user_id", "public"."refresh_tokens"."token_hash", "public"."refresh_tokens"."expires_at", "public"."refresh_tokens"."revoked_at", "public"."refresh_tokens"."created_at"
prisma:query UPDATE "public"."users" SET "last_login_at" = $1, "updated_at" = $2 WHERE ("public"."users"."id" = $3 AND 1=1) RETURNING "public"."users"."id", "public"."users"."tenant_id", "public"."users"."email", "public"."users"."name", "public"."users"."password_hash", "public"."users"."role", "public"."users"."avatar_url", "public"."users"."is_active", "public"."users"."last_login_at", "public"."users"."created_at", "public"."users"."updated_at"
prisma:query SELECT "public"."users"."id", "public"."users"."tenant_id", "public"."users"."role", "public"."users"."is_active" FROM "public"."users" WHERE ("public"."users"."id" = $1 AND 1=1) LIMIT $2 OFFSET $3
prisma:query BEGIN
prisma:query SELECT "public"."users"."id", "public"."users"."tenant_id", "public"."users"."role", "public"."users"."is_active" FROM "public"."users" WHERE ("public"."users"."id" = $1 AND 1=1) LIMIT $2 OFFSET $3
prisma:query SELECT set_config('app.tenant_id', $1, true)
prisma:query BEGIN
prisma:query SELECT set_config('app.tenant_id', $1, true)
prisma:query SELECT "public"."funnels"."id", "public"."funnels"."name", "public"."funnels"."slug", "public"."funnels"."total_views", "public"."funnels"."total_starts", "public"."funnels"."total_completions", "public"."funnels"."status" FROM "public"."funnels" WHERE "public"."funnels"."tenant_id" = $1 ORDER BY "public"."funnels"."total_completions" DESC LIMIT $2 OFFSET $3
prisma:query SELECT COUNT(*) FROM (SELECT "public"."leads"."id" FROM "public"."leads" WHERE ("public"."leads"."tenant_id" = $1 AND "public"."leads"."deleted_at" IS NULL AND "public"."leads"."created_at" >= $2) OFFSET $3) AS "sub"
prisma:query SELECT COUNT(*) FROM (SELECT "public"."leads"."id" FROM "public"."leads" WHERE ("public"."leads"."tenant_id" = $1 AND "public"."leads"."deleted_at" IS NULL AND "public"."leads"."created_at" >= $2) OFFSET $3) AS "sub"
prisma:query SELECT AVG("quiz_score"), AVG("behavior_score"), AVG("engagement_score"), AVG("demographic_score") FROM (SELECT "public"."leads"."quiz_score", "public"."leads"."behavior_score", "public"."leads"."engagement_score", "public"."leads"."demographic_score" FROM "public"."leads" WHERE ("public"."leads"."tenant_id" = $1 AND "public"."leads"."deleted_at" IS NULL AND "public"."leads"."created_at" >= $2) OFFSET $3) AS "sub"
prisma:query SELECT COUNT("public"."leads"."id"), "public"."leads"."segment" FROM "public"."leads" WHERE ("public"."leads"."tenant_id" = $1 AND "public"."leads"."deleted_at" IS NULL AND "public"."leads"."created_at" >= $2) GROUP BY "public"."leads"."segment" OFFSET $3
prisma:query SELECT COUNT(*) FROM (SELECT "public"."leads"."id" FROM "public"."leads" WHERE ("public"."leads"."tenant_id" = $1 AND "public"."leads"."deleted_at" IS NULL AND "public"."leads"."created_at" >= $2) OFFSET $3) AS "sub"
prisma:query SELECT COUNT("public"."leads"."id"), "public"."leads"."pipeline_stage" FROM "public"."leads" WHERE ("public"."leads"."tenant_id" = $1 AND "public"."leads"."deleted_at" IS NULL) GROUP BY "public"."leads"."pipeline_stage" OFFSET $2
prisma:query SELECT "public"."leads"."id", "public"."leads"."email", "public"."leads"."phone", "public"."leads"."first_name", "public"."leads"."last_name", "public"."leads"."company", "public"."leads"."segment", "public"."leads"."quiz_score", "public"."leads"."behavior_score", "public"."leads"."engagement_score", "public"."leads"."demographic_score", "public"."leads"."pipeline_stage", "public"."leads"."source", "public"."leads"."created_at", "public"."leads"."last_seen_at", "public"."leads"."assigned_to", "public"."leads"."tags" FROM "public"."leads" WHERE ("public"."leads"."tenant_id" = $1 AND "public"."leads"."deleted_at" IS NULL) ORDER BY "public"."leads"."created_at" DESC LIMIT $2 OFFSET $3
prisma:query SELECT COUNT(*) FROM (SELECT "public"."leads"."id" FROM "public"."leads" WHERE ("public"."leads"."tenant_id" = $1 AND "public"."leads"."deleted_at" IS NULL AND "public"."leads"."created_at" >= $2 AND "public"."leads"."quiz_completion_percentage" >= $3) OFFSET $4) AS "sub"
prisma:query SELECT COUNT(*) FROM (SELECT "public"."leads"."id" FROM "public"."leads" WHERE ("public"."leads"."tenant_id" = $1 AND "public"."leads"."deleted_at" IS NULL) OFFSET $2) AS "sub"
prisma:query COMMIT
prisma:query COMMIT
prisma:query SELECT 1
prisma:query SELECT "public"."users"."id", "public"."users"."tenant_id", "public"."users"."role", "public"."users"."is_active" FROM "public"."users" WHERE ("public"."users"."id" = $1 AND 1=1) LIMIT $2 OFFSET $3
prisma:query BEGIN
prisma:query SELECT set_config('app.tenant_id', $1, true)
prisma:query SELECT 1
prisma:query SELECT "public"."automation_flows"."id", "public"."automation_flows"."name", "public"."automation_flows"."description", "public"."automation_flows"."trigger", "public"."automation_flows"."status", "public"."automation_flows"."run_count", "public"."automation_flows"."last_run_at", "public"."automation_flows"."created_at", "public"."automation_flows"."updated_at" FROM "public"."automation_flows" WHERE ("public"."automation_flows"."tenant_id" = $1 AND "public"."automation_flows"."deleted_at" IS NULL) ORDER BY "public"."automation_flows"."updated_at" DESC OFFSET $2
prisma:query COMMIT
prisma:query SELECT "public"."users"."id", "public"."users"."tenant_id", "public"."users"."role", "public"."users"."is_active" FROM "public"."users" WHERE ("public"."users"."id" = $1 AND 1=1) LIMIT $2 OFFSET $3
prisma:query BEGIN
prisma:query SELECT set_config('app.tenant_id', $1, true)
prisma:query SELECT "public"."automation_flows"."id", "public"."automation_flows"."tenant_id", "public"."automation_flows"."name", "public"."automation_flows"."description", "public"."automation_flows"."trigger", "public"."automation_flows"."status", "public"."automation_flows"."graph", "public"."automation_flows"."last_run_at", "public"."automation_flows"."run_count", "public"."automation_flows"."created_by", "public"."automation_flows"."created_at", "public"."automation_flows"."updated_at", "public"."automation_flows"."deleted_at" FROM "public"."automation_flows" WHERE ("public"."automation_flows"."id" = $1 AND "public"."automation_flows"."tenant_id" = $2 AND "public"."automation_flows"."deleted_at" IS NULL) LIMIT $3 OFFSET $4
prisma:query COMMIT
prisma:query SELECT "public"."users"."id", "public"."users"."tenant_id", "public"."users"."role", "public"."users"."is_active" FROM "public"."users" WHERE ("public"."users"."id" = $1 AND 1=1) LIMIT $2 OFFSET $3
prisma:query BEGIN
prisma:query SELECT set_config('app.tenant_id', $1, true)
prisma:query SELECT "public"."automation_flows"."id", "public"."automation_flows"."tenant_id", "public"."automation_flows"."name", "public"."automation_flows"."description", "public"."automation_flows"."trigger", "public"."automation_flows"."status", "public"."automation_flows"."graph", "public"."automation_flows"."last_run_at", "public"."automation_flows"."run_count", "public"."automation_flows"."created_by", "public"."automation_flows"."created_at", "public"."automation_flows"."updated_at", "public"."automation_flows"."deleted_at" FROM "public"."automation_flows" WHERE ("public"."automation_flows"."id" = $1 AND "public"."automation_flows"."tenant_id" = $2 AND "public"."automation_flows"."deleted_at" IS NULL) LIMIT $3 OFFSET $4
prisma:query COMMIT
prisma:query BEGIN
prisma:query SELECT set_config('app.tenant_id', $1, true)
prisma:query INSERT INTO "public"."automation_flow_runs" ("flow_id","tenant_id","lead_id","status","log","started_at","finished_at") VALUES ($1,$2,$3,$4,$5,$6,$7) RETURNING "public"."automation_flow_runs"."id", "public"."automation_flow_runs"."flow_id", "public"."automation_flow_runs"."tenant_id", "public"."automation_flow_runs"."lead_id", "public"."automation_flow_runs"."status", "public"."automation_flow_runs"."log", "public"."automation_flow_runs"."started_at", "public"."automation_flow_runs"."finished_at"
prisma:query COMMIT
prisma:query BEGIN
prisma:query SELECT set_config('app.tenant_id', $1, true)
prisma:query UPDATE "public"."automation_flows" SET "last_run_at" = $1, "run_count" = ("public"."automation_flows"."run_count" + $2), "updated_at" = $3 WHERE ("public"."automation_flows"."id" = $4 AND 1=1) RETURNING "public"."automation_flows"."id", "public"."automation_flows"."tenant_id", "public"."automation_flows"."name", "public"."automation_flows"."description", "public"."automation_flows"."trigger", "public"."automation_flows"."status", "public"."automation_flows"."graph", "public"."automation_flows"."last_run_at", "public"."automation_flows"."run_count", "public"."automation_flows"."created_by", "public"."automation_flows"."created_at", "public"."automation_flows"."updated_at", "public"."automation_flows"."deleted_at"
prisma:query COMMIT
[32m[Nest] 30542  - [39m24/05/2026, 21:42:55 [32m    LOG[39m [38;5;3m[AutomationFlowsService] [39m[32mFlow 56dc301b-5213-4c68-b56b-8f3b8f931501 executed: 3 nodes processed[39m
prisma:query SELECT 1
prisma:query SELECT "public"."users"."id", "public"."users"."tenant_id", "public"."users"."role", "public"."users"."is_active" FROM "public"."users" WHERE ("public"."users"."id" = $1 AND 1=1) LIMIT $2 OFFSET $3
prisma:query BEGIN
prisma:query SELECT set_config('app.tenant_id', $1, true)
prisma:query SELECT 1
prisma:query SELECT "public"."automation_flows"."id", "public"."automation_flows"."tenant_id", "public"."automation_flows"."name", "public"."automation_flows"."description", "public"."automation_flows"."trigger", "public"."automation_flows"."status", "public"."automation_flows"."graph", "public"."automation_flows"."last_run_at", "public"."automation_flows"."run_count", "public"."automation_flows"."created_by", "public"."automation_flows"."created_at", "public"."automation_flows"."updated_at", "public"."automation_flows"."deleted_at" FROM "public"."automation_flows" WHERE ("public"."automation_flows"."id" = $1 AND "public"."automation_flows"."tenant_id" = $2 AND "public"."automation_flows"."deleted_at" IS NULL) LIMIT $3 OFFSET $4
prisma:query COMMIT
prisma:query SELECT "public"."users"."id", "public"."users"."tenant_id", "public"."users"."role", "public"."users"."is_active" FROM "public"."users" WHERE ("public"."users"."id" = $1 AND 1=1) LIMIT $2 OFFSET $3
prisma:query BEGIN
prisma:query SELECT set_config('app.tenant_id', $1, true)
prisma:query SELECT "public"."automation_flows"."id", "public"."automation_flows"."tenant_id", "public"."automation_flows"."name", "public"."automation_flows"."description", "public"."automation_flows"."trigger", "public"."automation_flows"."status", "public"."automation_flows"."graph", "public"."automation_flows"."last_run_at", "public"."automation_flows"."run_count", "public"."automation_flows"."created_by", "public"."automation_flows"."created_at", "public"."automation_flows"."updated_at", "public"."automation_flows"."deleted_at" FROM "public"."automation_flows" WHERE ("public"."automation_flows"."id" = $1 AND "public"."automation_flows"."tenant_id" = $2 AND "public"."automation_flows"."deleted_at" IS NULL) LIMIT $3 OFFSET $4
prisma:query COMMIT
prisma:query SELECT 1
prisma:query SELECT "public"."users"."id", "public"."users"."tenant_id", "public"."users"."role", "public"."users"."is_active" FROM "public"."users" WHERE ("public"."users"."id" = $1 AND 1=1) LIMIT $2 OFFSET $3
prisma:query BEGIN
prisma:query SELECT set_config('app.tenant_id', $1, true)
prisma:query SELECT 1
prisma:query SELECT "public"."automation_flows"."id", "public"."automation_flows"."tenant_id", "public"."automation_flows"."name", "public"."automation_flows"."description", "public"."automation_flows"."trigger", "public"."automation_flows"."status", "public"."automation_flows"."graph", "public"."automation_flows"."last_run_at", "public"."automation_flows"."run_count", "public"."automation_flows"."created_by", "public"."automation_flows"."created_at", "public"."automation_flows"."updated_at", "public"."automation_flows"."deleted_at" FROM "public"."automation_flows" WHERE ("public"."automation_flows"."id" = $1 AND "public"."automation_flows"."tenant_id" = $2 AND "public"."automation_flows"."deleted_at" IS NULL) LIMIT $3 OFFSET $4
prisma:query COMMIT
prisma:query SELECT "public"."users"."id", "public"."users"."tenant_id", "public"."users"."role", "public"."users"."is_active" FROM "public"."users" WHERE ("public"."users"."id" = $1 AND 1=1) LIMIT $2 OFFSET $3
prisma:query BEGIN
prisma:query SELECT set_config('app.tenant_id', $1, true)
prisma:query SELECT "public"."automation_flows"."id", "public"."automation_flows"."tenant_id", "public"."automation_flows"."name", "public"."automation_flows"."description", "public"."automation_flows"."trigger", "public"."automation_flows"."status", "public"."automation_flows"."graph", "public"."automation_flows"."last_run_at", "public"."automation_flows"."run_count", "public"."automation_flows"."created_by", "public"."automation_flows"."created_at", "public"."automation_flows"."updated_at", "public"."automation_flows"."deleted_at" FROM "public"."automation_flows" WHERE ("public"."automation_flows"."id" = $1 AND "public"."automation_flows"."tenant_id" = $2 AND "public"."automation_flows"."deleted_at" IS NULL) LIMIT $3 OFFSET $4
prisma:query COMMIT
 ELIFECYCLE  Command failed.
prisma:query SELECT "public"."tenants"."id", "public"."tenants"."abandoned_cart_minutes" FROM "public"."tenants" WHERE 1=1 OFFSET $1
prisma:query BEGIN
prisma:query SELECT set_config('app.tenant_id', $1, true)
prisma:query SELECT "public"."carts"."id", "public"."carts"."tenant_id", "public"."carts"."lead_id", "public"."carts"."external_id", "public"."carts"."platform", "public"."carts"."email", "public"."carts"."phone", "public"."carts"."total_amount", "public"."carts"."currency", "public"."carts"."status", "public"."carts"."checkout_url", "public"."carts"."recovery_alert_sent_at", "public"."carts"."ordered_at", "public"."carts"."created_at", "public"."carts"."updated_at" FROM "public"."carts" WHERE ("public"."carts"."tenant_id" = $1 AND "public"."carts"."status" = $2 AND "public"."carts"."recovery_alert_sent_at" IS NULL AND "public"."carts"."updated_at" <= $3) ORDER BY "public"."carts"."id" ASC LIMIT $4 OFFSET $5
prisma:query COMMIT
[32m[Nest] 30542  - [39m24/05/2026, 22:00:00 [32m    LOG[39m [38;5;3m[EcommerceService] [39m[32mAbandoned cart scan: 0 carts enqueued[39m
[95m[Nest] 30542  - [39m24/05/2026, 22:00:00 [95m  DEBUG[39m [38;5;3m[MessagingProcessor] [39m[95mJob messaging completado: repeat:1532a17847ef86f644cd1c762357eaed:1779674400000 (abandoned-cart-scan)[39m
prisma:query SELECT "public"."tenants"."id", "public"."tenants"."abandoned_cart_minutes" FROM "public"."tenants" WHERE 1=1 OFFSET $1
prisma:query BEGIN
prisma:query SELECT set_config('app.tenant_id', $1, true)
prisma:query SELECT "public"."carts"."id", "public"."carts"."tenant_id", "public"."carts"."lead_id", "public"."carts"."external_id", "public"."carts"."platform", "public"."carts"."email", "public"."carts"."phone", "public"."carts"."total_amount", "public"."carts"."currency", "public"."carts"."status", "public"."carts"."checkout_url", "public"."carts"."recovery_alert_sent_at", "public"."carts"."ordered_at", "public"."carts"."created_at", "public"."carts"."updated_at" FROM "public"."carts" WHERE ("public"."carts"."tenant_id" = $1 AND "public"."carts"."status" = $2 AND "public"."carts"."recovery_alert_sent_at" IS NULL AND "public"."carts"."updated_at" <= $3) ORDER BY "public"."carts"."id" ASC LIMIT $4 OFFSET $5
prisma:query COMMIT
[32m[Nest] 30542  - [39m25/05/2026, 9:06:10 [32m    LOG[39m [38;5;3m[EcommerceService] [39m[32mAbandoned cart scan: 0 carts enqueued[39m
[95m[Nest] 30542  - [39m25/05/2026, 9:06:10 [95m  DEBUG[39m [38;5;3m[MessagingProcessor] [39m[95mJob messaging completado: repeat:1532a17847ef86f644cd1c762357eaed:1779678000000 (abandoned-cart-scan)[39m
prisma:query SELECT "public"."tenants"."id", "public"."tenants"."abandoned_cart_minutes" FROM "public"."tenants" WHERE 1=1 OFFSET $1
prisma:query BEGIN
prisma:query SELECT set_config('app.tenant_id', $1, true)
prisma:query SELECT "public"."carts"."id", "public"."carts"."tenant_id", "public"."carts"."lead_id", "public"."carts"."external_id", "public"."carts"."platform", "public"."carts"."email", "public"."carts"."phone", "public"."carts"."total_amount", "public"."carts"."currency", "public"."carts"."status", "public"."carts"."checkout_url", "public"."carts"."recovery_alert_sent_at", "public"."carts"."ordered_at", "public"."carts"."created_at", "public"."carts"."updated_at" FROM "public"."carts" WHERE ("public"."carts"."tenant_id" = $1 AND "public"."carts"."status" = $2 AND "public"."carts"."recovery_alert_sent_at" IS NULL AND "public"."carts"."updated_at" <= $3) ORDER BY "public"."carts"."id" ASC LIMIT $4 OFFSET $5
prisma:query COMMIT
[32m[Nest] 30542  - [39m25/05/2026, 10:00:00 [32m    LOG[39m [38;5;3m[EcommerceService] [39m[32mAbandoned cart scan: 0 carts enqueued[39m
[95m[Nest] 30542  - [39m25/05/2026, 10:00:00 [95m  DEBUG[39m [38;5;3m[MessagingProcessor] [39m[95mJob messaging completado: repeat:1532a17847ef86f644cd1c762357eaed:1779717600000 (abandoned-cart-scan)[39m
prisma:query SELECT "public"."tenants"."id", "public"."tenants"."abandoned_cart_minutes" FROM "public"."tenants" WHERE 1=1 OFFSET $1
prisma:query BEGIN
prisma:query SELECT set_config('app.tenant_id', $1, true)
prisma:query SELECT "public"."carts"."id", "public"."carts"."tenant_id", "public"."carts"."lead_id", "public"."carts"."external_id", "public"."carts"."platform", "public"."carts"."email", "public"."carts"."phone", "public"."carts"."total_amount", "public"."carts"."currency", "public"."carts"."status", "public"."carts"."checkout_url", "public"."carts"."recovery_alert_sent_at", "public"."carts"."ordered_at", "public"."carts"."created_at", "public"."carts"."updated_at" FROM "public"."carts" WHERE ("public"."carts"."tenant_id" = $1 AND "public"."carts"."status" = $2 AND "public"."carts"."recovery_alert_sent_at" IS NULL AND "public"."carts"."updated_at" <= $3) ORDER BY "public"."carts"."id" ASC LIMIT $4 OFFSET $5
prisma:query COMMIT
[32m[Nest] 30542  - [39m25/05/2026, 11:00:00 [32m    LOG[39m [38;5;3m[EcommerceService] [39m[32mAbandoned cart scan: 0 carts enqueued[39m
[95m[Nest] 30542  - [39m25/05/2026, 11:00:00 [95m  DEBUG[39m [38;5;3m[MessagingProcessor] [39m[95mJob messaging completado: repeat:1532a17847ef86f644cd1c762357eaed:1779721200000 (abandoned-cart-scan)[39m
prisma:query SELECT "public"."tenants"."id", "public"."tenants"."abandoned_cart_minutes" FROM "public"."tenants" WHERE 1=1 OFFSET $1
prisma:query BEGIN
prisma:query SELECT set_config('app.tenant_id', $1, true)
prisma:query SELECT "public"."carts"."id", "public"."carts"."tenant_id", "public"."carts"."lead_id", "public"."carts"."external_id", "public"."carts"."platform", "public"."carts"."email", "public"."carts"."phone", "public"."carts"."total_amount", "public"."carts"."currency", "public"."carts"."status", "public"."carts"."checkout_url", "public"."carts"."recovery_alert_sent_at", "public"."carts"."ordered_at", "public"."carts"."created_at", "public"."carts"."updated_at" FROM "public"."carts" WHERE ("public"."carts"."tenant_id" = $1 AND "public"."carts"."status" = $2 AND "public"."carts"."recovery_alert_sent_at" IS NULL AND "public"."carts"."updated_at" <= $3) ORDER BY "public"."carts"."id" ASC LIMIT $4 OFFSET $5
prisma:query COMMIT
[32m[Nest] 30542  - [39m25/05/2026, 12:00:00 [32m    LOG[39m [38;5;3m[EcommerceService] [39m[32mAbandoned cart scan: 0 carts enqueued[39m
[95m[Nest] 30542  - [39m25/05/2026, 12:00:00 [95m  DEBUG[39m [38;5;3m[MessagingProcessor] [39m[95mJob messaging completado: repeat:1532a17847ef86f644cd1c762357eaed:1779724800000 (abandoned-cart-scan)[39m
prisma:query SELECT "public"."tenants"."id", "public"."tenants"."abandoned_cart_minutes" FROM "public"."tenants" WHERE 1=1 OFFSET $1
prisma:query BEGIN
prisma:query SELECT set_config('app.tenant_id', $1, true)
prisma:query SELECT "public"."carts"."id", "public"."carts"."tenant_id", "public"."carts"."lead_id", "public"."carts"."external_id", "public"."carts"."platform", "public"."carts"."email", "public"."carts"."phone", "public"."carts"."total_amount", "public"."carts"."currency", "public"."carts"."status", "public"."carts"."checkout_url", "public"."carts"."recovery_alert_sent_at", "public"."carts"."ordered_at", "public"."carts"."created_at", "public"."carts"."updated_at" FROM "public"."carts" WHERE ("public"."carts"."tenant_id" = $1 AND "public"."carts"."status" = $2 AND "public"."carts"."recovery_alert_sent_at" IS NULL AND "public"."carts"."updated_at" <= $3) ORDER BY "public"."carts"."id" ASC LIMIT $4 OFFSET $5
prisma:query COMMIT
[32m[Nest] 30542  - [39m25/05/2026, 13:45:31 [32m    LOG[39m [38;5;3m[EcommerceService] [39m[32mAbandoned cart scan: 0 carts enqueued[39m
[95m[Nest] 30542  - [39m25/05/2026, 13:45:31 [95m  DEBUG[39m [38;5;3m[MessagingProcessor] [39m[95mJob messaging completado: repeat:1532a17847ef86f644cd1c762357eaed:1779728400000 (abandoned-cart-scan)[39m
prisma:query SELECT "public"."tenants"."id", "public"."tenants"."abandoned_cart_minutes" FROM "public"."tenants" WHERE 1=1 OFFSET $1
prisma:query BEGIN
prisma:query SELECT set_config('app.tenant_id', $1, true)
prisma:query SELECT "public"."carts"."id", "public"."carts"."tenant_id", "public"."carts"."lead_id", "public"."carts"."external_id", "public"."carts"."platform", "public"."carts"."email", "public"."carts"."phone", "public"."carts"."total_amount", "public"."carts"."currency", "public"."carts"."status", "public"."carts"."checkout_url", "public"."carts"."recovery_alert_sent_at", "public"."carts"."ordered_at", "public"."carts"."created_at", "public"."carts"."updated_at" FROM "public"."carts" WHERE ("public"."carts"."tenant_id" = $1 AND "public"."carts"."status" = $2 AND "public"."carts"."recovery_alert_sent_at" IS NULL AND "public"."carts"."updated_at" <= $3) ORDER BY "public"."carts"."id" ASC LIMIT $4 OFFSET $5
prisma:query COMMIT
[32m[Nest] 30542  - [39m25/05/2026, 14:00:00 [32m    LOG[39m [38;5;3m[EcommerceService] [39m[32mAbandoned cart scan: 0 carts enqueued[39m
[95m[Nest] 30542  - [39m25/05/2026, 14:00:00 [95m  DEBUG[39m [38;5;3m[MessagingProcessor] [39m[95mJob messaging completado: repeat:1532a17847ef86f644cd1c762357eaed:1779732000000 (abandoned-cart-scan)[39m
prisma:query SELECT 1
prisma:query SELECT "public"."tenants"."id", "public"."tenants"."abandoned_cart_minutes" FROM "public"."tenants" WHERE 1=1 OFFSET $1
prisma:query BEGIN
prisma:query SELECT set_config('app.tenant_id', $1, true)
prisma:query SELECT 1
prisma:query SELECT "public"."carts"."id", "public"."carts"."tenant_id", "public"."carts"."lead_id", "public"."carts"."external_id", "public"."carts"."platform", "public"."carts"."email", "public"."carts"."phone", "public"."carts"."total_amount", "public"."carts"."currency", "public"."carts"."status", "public"."carts"."checkout_url", "public"."carts"."recovery_alert_sent_at", "public"."carts"."ordered_at", "public"."carts"."created_at", "public"."carts"."updated_at" FROM "public"."carts" WHERE ("public"."carts"."tenant_id" = $1 AND "public"."carts"."status" = $2 AND "public"."carts"."recovery_alert_sent_at" IS NULL AND "public"."carts"."updated_at" <= $3) ORDER BY "public"."carts"."id" ASC LIMIT $4 OFFSET $5
prisma:query COMMIT
[32m[Nest] 30542  - [39m25/05/2026, 15:05:51 [32m    LOG[39m [38;5;3m[EcommerceService] [39m[32mAbandoned cart scan: 0 carts enqueued[39m
[95m[Nest] 30542  - [39m25/05/2026, 15:05:51 [95m  DEBUG[39m [38;5;3m[MessagingProcessor] [39m[95mJob messaging completado: repeat:1532a17847ef86f644cd1c762357eaed:1779735600000 (abandoned-cart-scan)[39m
prisma:query SELECT "public"."tenants"."id", "public"."tenants"."abandoned_cart_minutes" FROM "public"."tenants" WHERE 1=1 OFFSET $1
prisma:query BEGIN
prisma:query SELECT set_config('app.tenant_id', $1, true)
prisma:query SELECT "public"."carts"."id", "public"."carts"."tenant_id", "public"."carts"."lead_id", "public"."carts"."external_id", "public"."carts"."platform", "public"."carts"."email", "public"."carts"."phone", "public"."carts"."total_amount", "public"."carts"."currency", "public"."carts"."status", "public"."carts"."checkout_url", "public"."carts"."recovery_alert_sent_at", "public"."carts"."ordered_at", "public"."carts"."created_at", "public"."carts"."updated_at" FROM "public"."carts" WHERE ("public"."carts"."tenant_id" = $1 AND "public"."carts"."status" = $2 AND "public"."carts"."recovery_alert_sent_at" IS NULL AND "public"."carts"."updated_at" <= $3) ORDER BY "public"."carts"."id" ASC LIMIT $4 OFFSET $5
prisma:query COMMIT
[32m[Nest] 30542  - [39m25/05/2026, 16:00:00 [32m    LOG[39m [38;5;3m[EcommerceService] [39m[32mAbandoned cart scan: 0 carts enqueued[39m
[95m[Nest] 30542  - [39m25/05/2026, 16:00:00 [95m  DEBUG[39m [38;5;3m[MessagingProcessor] [39m[95mJob messaging completado: repeat:1532a17847ef86f644cd1c762357eaed:1779739200000 (abandoned-cart-scan)[39m
